order_id,customer_id,order_date,status,total_amount
O000001,C00442,2025-01-22,delivered,1981.3
O000002,C00354,2025-07-05,delivered,881.79
O000003,C00446,2025-06-08,shipped,11074.68
O000004,C00373,2025-11-27,shipped,976.26
O000005,C00387,2025-10-16,shipped,1664.67
O000006,C00029,2025-06-30,delivered,4290.02
O000007,C00466,2025-10-20,delivered,1890.61
O000008,C00127,2025-12-29,delivered,2948.15
O000009,C00286,2025-12-14,delivered,1469.51
O000010,C00305,2025-12-29,processing,2373.6
O000011,C00186,2025-01-10,delivered,1119.13
O000012,C00404,2025-02-21,delivered,972.24
O000013,C00084,2025-04-03,processing,1398.32
O000014,C00384,2025-08-18,delivered,476.39
O000015,C00394,2025-05-25,shipped,11985.38
O000016,C00043,2025-03-24,delivered,-100.0
O000017,C00203,2025-09-15,delivered,3455.56
O000018,C00362,2025-08-29,delivered,95.02
O000019,C00482,2025-11-08,delivered,287.97
O000020,C00215,2025-11-24,shipped,5825.37
O000021,C00341,2025-12-09,delivered,2042.48
O000022,C00383,2025-01-09,delivered,2784.53
O000023,C00298,2025-06-20,delivered,6071.32
O000024,C00398,2025-08-23,delivered,7888.05
O000025,C00019,2025-11-28,delivered,2677.26
O000026,C00499,2025-04-06,delivered,3094.53
O000027,C00152,2025-06-06,delivered,8878.69
O000028,C00074,2025-11-08,delivered,4759.06
O000029,C00071,2025-09-29,delivered,2278.47
O000030,C00229,2025-04-20,cancelled,1384.0
O000031,C00350,2025-06-13,delivered,1509.36
O000032,C00364,2025-12-25,delivered,1657.69
O000033,C00283,2025-03-08,delivered,1979.63
O000034,C00211,2025-07-29,processing,308.33
O000035,C00349,2025-09-22,delivered,1133.44
O000036,C00085,2025-03-24,delivered,2205.91
O000037,C00321,2025-06-05,delivered,509.08
O000038,C00338,2025-11-16,shipped,2481.11
O000039,C00328,2025-01-16,delivered,1638.45
O000040,C00238,2025-04-15,delivered,1030.19
O000041,C00190,2025-09-21,delivered,1782.29
O000042,C00168,2025-10-23,shipped,1893.0
O000043,C00259,2025-08-23,cancelled,4191.22
O000044,C00005,2025-02-25,delivered,3794.23
O000045,C00231,2025-10-09,delivered,146.72
O000046,C00481,2025-07-07,shipped,735.06
O000047,C00234,2025-03-18,delivered,1275.99
O000048,C00173,2025-09-17,processing,3652.59
O000049,C00496,2025-12-02,shipped,2350.85
O000050,C00421,2025-12-15,delivered,6738.98
O000051,C00354,2025-04-15,delivered,6201.36
O000052,C00182,2025-12-13,shipped,9233.86
O000053,C00246,2025-06-28,delivered,2580.55
O000054,C00474,2025-08-15,delivered,3279.46
O000055,C00120,2025-01-27,delivered,962.67
O000056,C00494,2025-05-28,delivered,102.94
O000057,C00379,2025-01-20,processing,629.82
O000058,C00493,2025-05-29,processing,497.31
O000059,C00233,2025-11-25,delivered,11741.86
O000060,C00346,2025-04-09,delivered,1576.85
O000061,C00155,2025-10-26,shipped,622.92
O000062,C00061,2025-08-27,delivered,1141.2
O000063,C00311,2025-07-11,delivered,1641.52
O000064,C00425,2025-10-08,processing,7961.59
O000065,C00299,2025-09-08,delivered,3570.98
O000066,C00038,2025-01-24,delivered,760.73
O000067,C00017,2025-05-27,delivered,1312.5
O000068,C00446,2025-07-13,delivered,2194.57
O000069,C00002,2025-01-12,cancelled,2541.62
O000070,C00393,2025-01-09,delivered,148.29
O000071,C00380,2025-01-23,delivered,1217.44
O000072,C00307,2025-12-11,shipped,7262.5
O000073,C00486,2025-10-30,processing,1506.82
O000074,C00269,2025-06-13,delivered,7991.15
O000075,C00272,2025-03-10,delivered,1765.04
O000076,C00038,2025-04-07,shipped,1054.59
O000077,C00061,2025-09-03,processing,2494.72
O000078,C00134,2025-07-04,DELIVERED,1555.92
O000079,C00284,2025-10-27,delivered,13711.91
O000080,C00087,2025-06-30,delivered,10185.91
O000081,C00363,2025-03-19,delivered,3113.54
O000082,C00147,2025-01-09,delivered,946.94
O000083,C00290,2025-05-05,cancelled,469.13
O000084,C00195,2025-07-13,delivered,980.71
O000085,C00223,2025-11-27,shipped,94.5
O000086,C00024,2025-02-08,delivered,3765.5
O000087,C00084,2025-10-16,delivered,5036.19
O000088,C00310,2025-11-11,cancelled,2268.27
O000089,C00396,2025-11-13,delivered,613.71
O000090,C00185,2025-02-24,delivered,1422.97
O000091,C00182,2025-10-11,delivered,3418.09
O000092,C00195,2025-03-28,delivered,14401.83
O000093,C00321,2025-09-11,delivered,7913.85
O000094,C00442,2025-06-18,delivered,8373.54
O000095,C00356,2025-11-21,delivered,857.39
O000096,C00394,2025-10-09,delivered,1173.36
O000097,C00217,2025-07-13,delivered,3265.69
O000098,C00341,2025-07-01,delivered,2174.23
O000099,C00170,2025-08-09,delivered,944.12
O000100,C00192,2025-07-20,delivered,1693.88
O000101,C00160,2025-06-25,delivered,3167.74
O000102,,2025-12-30,delivered,8281.51
O000103,C00409,2025-07-27,delivered,762.38
O000104,C00003,2025-12-27,delivered,2261.43
O000105,C00344,2025-09-08,delivered,4260.79
O000106,C00303,2025-02-13,delivered,4323.62
O000107,C00250,2025-11-22,delivered,1679.78
O000108,C00249,2025-03-11,delivered,2007.97
O000109,C00276,2025-05-28,delivered,4429.67
O000110,C00112,2025-08-06,delivered,490.8
O000111,C00416,2025-05-02,delivered,1027.58
O000112,C00276,2025-03-28,delivered,965.13
O000113,C00336,2025-03-06,shipped,902.41
O000114,C00324,2025-05-18,delivered,2888.37
O000115,C00397,2025-02-17,shipped,1837.9
O000116,C00437,2025-09-06,shipped,2852.98
O000117,C00064,2025-03-22,delivered,281.95
O000118,C00155,2025-03-23,processing,1737.46
O000119,C00336,2025-02-16,shipped,277.87
O000120,C00349,2025-08-16,delivered,1509.0
O000121,C00189,2025-06-03,delivered,556.34
O000122,C00180,2025-04-20,delivered,591.83
O000123,C00064,2025-10-29,shipped,11454.45
O000124,C00482,2025-12-20,delivered,4441.35
O000125,C00256,2025-11-23,delivered,277.73
O000126,C00280,2025-12-16,delivered,2880.57
O000127,C00360,2025-07-25,delivered,766.34
O000128,C00325,2025-11-29,delivered,376.35
O000129,C00126,2025-02-14,processing,1092.93
O000130,C00007,2025-12-29,delivered,7032.01
O000131,C00191,2025-03-06,shipped,933.87
O000132,C00234,2025-09-19,delivered,13328.58
O000133,C00197,2025-03-18,delivered,2200.77
O000134,C00165,2025-05-08,delivered,3658.33
O000135,C00450,2025-08-27,processing,2532.68
O000136,C00398,2025-04-11,shipped,3518.23
O000137,C00001,2025-12-03,delivered,1121.05
O000138,C00267,2025-07-31,shipped,3576.46
O000139,C00150,2025-05-14,processing,1199.63
O000140,C00209,2025-03-03,delivered,1519.86
O000141,C00428,2025-06-17,delivered,2070.23
O000142,C00488,2025-07-27,processing,298.35
O000143,C00102,2025-07-25,delivered,1516.66
O000144,C00034,2025-04-12,processing,884.67
O000145,C00350,2025-08-07,delivered,399.13
O000146,C00152,2025-09-13,delivered,17501.61
O000147,C00468,2025-10-17,delivered,5275.86
O000148,C00274,2025-01-29,shipped,1499.34
O000149,C00378,2025-12-24,delivered,435.59
O000150,C00486,2025-04-07,processing,15340.38
O000151,C00091,2025-06-15,delivered,966.6
O000152,C00483,2025-12-06,delivered,1668.94
O000153,C00486,2025-08-12,shipped,5494.28
O000154,C00374,2025-01-01,cancelled,9474.59
O000155,C00178,2025-06-13,delivered,277.2
O000156,C00006,2025-05-16,delivered,939.57
O000157,C00225,2025-08-03,cancelled,6097.44
O000158,C00011,2025-06-13,delivered,161.53
O000159,C00039,2025-10-08,cancelled,2912.02
O000160,C00483,2025-12-01,delivered,15144.08
O000161,C00282,2025-09-09,delivered,2975.61
O000162,C00243,2025-03-01,delivered,2371.45
O000163,C00138,2025-10-16,delivered,318.28
O000164,C00302,2025-04-27,delivered,1537.39
O000165,C00487,2025-08-18,delivered,234.87
O000166,C00422,2025-11-18,delivered,760.34
O000167,C00359,2025-11-16,delivered,14257.65
O000168,C00336,2025-09-06,delivered,10668.07
O000169,C00011,2025-06-22,shipped,846.29
O000170,C00374,2025-08-02,delivered,3789.29
O000171,C00249,2025-09-22,processing,456.47
O000172,C00400,2025-09-26,processing,3735.78
O000173,C00234,2025-01-26,processing,621.74
O000174,C00251,2025-11-01,delivered,9785.67
O000175,C00114,2025-11-28,delivered,1274.88
O000176,C00089,2025-11-04,shipped,902.72
O000177,C00437,2025-06-28,delivered,1649.05
O000178,C00332,2025-11-01,delivered,4306.93
O000179,C00077,2025-09-22,shipped,264.53
O000180,C00072,2025-01-14,delivered,3461.75
O000181,C00274,2025-11-23,shipped,1750.11
O000182,C00461,2025-06-21,delivered,2355.58
O000183,C00436,2025-03-02,delivered,499.95
O000184,C00153,2025-07-31,delivered,8238.85
O000185,C00042,2025-09-07,delivered,1257.13
O000186,C00403,2025-02-15,delivered,4215.79
O000187,C00376,2025-05-08,delivered,1470.68
O000188,C00455,2025-12-18,cancelled,1380.5
O000189,C00376,2025-01-12,delivered,716.57
O000190,C00025,2025-12-05,delivered,884.92
O000191,C00281,2025-05-10,delivered,839.81
O000192,C00311,2025-12-25,delivered,1385.04
O000193,C00055,2025-09-12,delivered,463.82
O000194,C00255,2025-04-17,delivered,2363.26
O000195,C00119,2025-08-22,cancelled,2406.53
O000196,C00436,2025-01-24,delivered,10768.18
O000197,C00418,2025-06-25,delivered,2849.92
O000198,C00214,2025-10-30,delivered,16810.22
O000199,C00024,2025-02-02,delivered,4635.87
O000200,C00339,2025-05-08,delivered,4224.29
O000201,C00124,2025-06-19,cancelled,1542.69
O000202,C00121,2025-02-10,delivered,1295.37
O000203,C00288,2025-04-16,delivered,6719.12
O000204,C00338,2025-04-24,delivered,578.81
O000205,C00131,2025-11-09,delivered,188.43
O000206,C00174,2025-02-25,shipped,305.02
O000207,C00338,2025-10-29,cancelled,2330.86
O000208,C00400,2025-04-01,delivered,896.52
O000209,C00312,2025-12-21,shipped,4183.51
O000210,C00378,2025-10-11,delivered,1427.5
O000211,C00278,2025-12-22,delivered,896.17
O000212,C00383,2025-10-01,delivered,12258.43
O000213,C00402,2025-06-01,delivered,1656.71
O000214,C00332,2025-10-15,delivered,5493.64
O000215,C00318,2025-08-15,processing,3329.07
O000216,C00264,2025-03-03,delivered,4593.0
O000217,C00405,2025-10-21,delivered,602.85
O000218,C00035,2025-09-16,delivered,2637.23
O000219,C00124,2025-11-25,delivered,488.03
O000220,C00467,2025-09-22,processing,2106.08
O000221,C00276,2025-10-01,delivered,948.93
O000222,C00054,2025-04-16,delivered,8229.39
O000223,C00209,2025-07-18,delivered,3423.7
O000224,C00403,2025-12-18,delivered,351.27
O000225,C00081,2025-10-01,delivered,2054.99
O000226,C00294,2025-11-02,delivered,565.76
O000227,C00212,2025-11-27,processing,6882.03
O000228,C00385,2025-10-09,delivered,170.93
O000229,C00298,2025-09-07,cancelled,1037.67
O000230,C00300,2025-03-20,delivered,10692.49
O000231,C00348,2025-06-19,processing,2549.93
O000232,C00039,2025-01-10,processing,264.58
O000233,C00283,2025-05-14,delivered,10485.59
O000234,C00123,2025-11-11,delivered,4902.99
O000235,C00021,2025-04-23,shipped,3850.09
O000236,C00241,2025-08-21,processing,276.01
O000237,C00380,2025-05-15,delivered,3685.39
O000238,C00265,2025-07-27,delivered,2898.14
O000239,C00077,2025-04-06,delivered,743.35
O000240,C00346,2025-09-03,delivered,1539.79
O000241,C00263,2025-01-21,processing,1514.61
O000242,C00373,2025-12-05,processing,988.37
O000243,C00113,2025-07-30,delivered,1449.84
O000244,C00194,2025-07-17,delivered,932.88
O000245,C00050,2025-04-01,delivered,299.9
O000246,C00247,2025-12-04,delivered,308.64
O000247,C00448,2025-01-23,delivered,3679.7
O000248,C00307,2025-10-06,delivered,1215.03
O000249,C00106,2025-12-19,shipped,11137.73
O000250,C00190,2025-10-14,delivered,2550.38
O000251,C00110,2025-09-18,delivered,1242.46
O000252,C00223,2025-02-15,delivered,3352.99
O000253,C00494,2025-11-02,delivered,1522.78
O000254,C00307,2025-09-19,delivered,882.23
O000255,C00400,2025-07-24,delivered,4358.5
O000256,C00477,2025-07-26,delivered,12102.93
O000257,C00227,2025-07-13,delivered,1103.84
O000258,C00133,2025-02-04,delivered,994.58
O000259,C00427,2025-05-15,delivered,2873.06
O000260,C00477,2025-04-02,delivered,4946.72
O000261,C00136,2025-04-16,delivered,1014.61
O000262,C00004,2025-10-05,cancelled,3627.22
O000263,C00270,2025-08-05,delivered,1071.87
O000264,C00500,2025-03-03,delivered,4128.93
O000265,C00095,2025-09-13,delivered,3278.65
O000266,C00075,2025-03-18,delivered,6488.07
O000267,C00250,2025-06-03,delivered,2517.92
O000268,C00131,2025-09-01,processing,761.37
O000269,C00286,2025-05-12,delivered,11556.11
O000270,C00196,2025-11-11,delivered,1261.42
O000271,C00083,2025-06-25,delivered,1824.55
O000272,C00086,2025-04-05,processing,953.42
O000273,C00049,2025-02-02,processing,6667.69
O000274,C00146,2025-08-15,delivered,8025.97
O000275,C00277,2025-05-20,delivered,562.9
O000276,C00328,2025-11-24,delivered,1666.37
O000277,C00147,2025-08-29,delivered,2878.96
O000278,C00367,2025-11-27,delivered,3467.31
O000279,C00070,2025-05-29,delivered,4798.86
O000280,C00047,2025-03-19,delivered,2353.02
O000281,C00042,2025-03-16,delivered,11010.08
O000282,C00236,2025-02-18,delivered,1292.09
O000283,C00480,2025-10-09,delivered,1657.01
O000284,C00086,2025-05-22,delivered,2904.61
O000285,C00321,2025-01-31,delivered,856.99
O000286,C00457,2025-08-13,shipped,417.74
O000287,C00249,2025-12-28,delivered,5799.7
O000288,C00272,2025-03-21,delivered,3443.35
O000289,C00370,2025-02-02,delivered,10811.64
O000290,C00448,2025-01-17,delivered,12942.28
O000291,C00336,2025-09-09,processing,1367.94
O000292,C00189,2025-12-29,delivered,1626.75
O000293,C00099,2025-09-27,delivered,4065.89
O000294,C00341,2025-08-07,processing,1575.11
O000295,C00463,2025-06-11,delivered,1006.29
O000296,C00493,2025-08-20,delivered,4408.15
O000297,C00262,2025-10-12,delivered,1001.18
O000298,C00132,2025-06-03,delivered,2723.7
O000299,C00400,2025-01-29,processing,2363.35
O000300,C00157,2025-09-26,delivered,823.08
O000301,C00305,2025-10-22,delivered,668.93
O000302,C00205,2025-05-15,delivered,14546.29
O000303,C00398,2025-08-09,delivered,295.22
O000304,C00165,2025-06-26,delivered,329.15
O000305,C00075,2025-08-14,delivered,12183.5
O000306,C00475,2025-03-17,processing,2589.75
O000307,C00248,2025-11-15,shipped,1009.35
O000308,C00031,2025-05-26,delivered,5605.38
O000309,C00150,2025-11-29,delivered,3255.44
O000310,C00157,2025-06-20,delivered,2064.61
O000311,C00032,2025-11-17,delivered,4936.98
O000312,C00124,2025-10-21,delivered,1397.77
O000313,C00362,2025-09-26,processing,10508.8
O000314,C00016,2025-06-13,processing,1181.11
O000315,C00291,2025-11-10,delivered,1979.27
O000316,C00333,2025-07-11,delivered,19500.61
O000317,C00316,2025-09-08,delivered,2993.88
O000318,C00056,2025-08-20,delivered,100.27
O000319,C00021,2025-10-13,delivered,6857.06
O000320,C00424,2025-05-27,delivered,1446.21
O000321,C00212,2025-06-15,delivered,525.41
O000322,C00376,2025-03-05,delivered,1799.2
O000323,C00445,2025-03-16,delivered,836.62
O000324,C00321,2025-04-03,delivered,2198.28
O000325,C00452,2025-09-10,delivered,3498.12
O000326,C00075,2025-01-17,delivered,941.84
O000327,C00384,2025-10-24,delivered,289.18
O000328,C00035,2025-08-07,processing,166.3
O000329,C00270,2025-07-31,delivered,1643.85
O000330,C00353,2025-11-06,processing,2424.61
O000331,C00414,2025-04-03,processing,491.96
O000332,C00435,2025-04-17,shipped,4726.13
O000333,C00352,2025-06-20,delivered,86.85
O000334,C00246,2025-08-31,shipped,2358.0
O000335,C00029,2025-09-24,delivered,3796.48
O000336,C00193,2025-11-17,delivered,3812.49
O000337,C00017,2025-05-20,delivered,1437.88
O000338,C00248,2025-09-14,delivered,1951.03
O000339,C00371,2025-01-19,delivered,933.57
O000340,C00240,2025-01-24,delivered,2166.49
O000341,C00061,2025-05-20,delivered,1743.31
O000342,C00126,2025-03-29,delivered,5311.0
O000343,C00183,2025-06-09,delivered,954.37
O000344,C00411,2025-12-24,delivered,3377.69
O000345,C00441,2025-06-16,delivered,873.16
O000346,C00088,2025-05-25,shipped,2397.49
O000347,C00155,2025-09-30,delivered,9309.01
O000348,C00340,2025-12-09,delivered,2220.36
O000349,C00254,2025-11-27,delivered,323.13
O000350,C00076,2025-12-05,delivered,14412.23
O000351,C00469,2025-06-26,cancelled,1029.59
O000352,C00151,2025-02-01,delivered,2872.89
O000353,C00441,2025-05-25,processing,2529.55
O000354,C00109,2025-12-06,delivered,8337.56
O000355,C00006,2025-02-06,delivered,896.15
O000356,C00234,2025-12-23,delivered,1735.06
O000357,C00475,2025-10-07,delivered,448.2
O000358,C00298,2025-09-04,cancelled,10555.16
O000359,C00265,2025-02-10,delivered,943.19
O000360,C00325,2025-10-04,shipped,2869.65
O000361,C00492,2025-05-31,delivered,629.62
O000362,C00323,2025-08-31,delivered,743.03
O000363,C00249,2025-02-12,delivered,170.88
O000364,C00440,2025-05-12,delivered,1099.87
O000365,C00414,2025-03-31,delivered,812.12
O000366,C00254,2025-07-31,shipped,970.37
O000367,C00136,2025-03-01,delivered,4655.43
O000368,C00475,2025-08-18,delivered,3763.88
O000369,C00137,2025-02-20,delivered,1519.53
O000370,C00211,2025-02-20,delivered,5920.26
O000371,C00439,2025-11-06,delivered,843.61
O000372,C00394,2025-08-07,delivered,1344.76
O000373,C00226,2025-02-05,delivered,11708.97
O000374,C00330,2025-02-24,processing,1199.51
O000375,C00341,2025-07-19,delivered,2198.96
O000376,C00489,2025-12-19,shipped,5905.62
O000377,C00431,2025-08-24,shipped,8919.74
O000378,C00044,2025-11-20,delivered,15034.44
O000379,C00277,2025-11-26,delivered,6004.84
O000380,C00297,2025-04-30,processing,618.25
O000381,C00024,2025-05-05,shipped,2262.08
O000382,C00303,2025-02-02,shipped,476.61
O000383,C00412,2025-04-14,delivered,4936.73
O000384,C00190,2025-10-11,delivered,2866.13
O000385,C00451,2025-09-07,delivered,3644.61
O000386,C00356,2025-09-01,delivered,7060.53
O000387,C00093,2025-09-13,delivered,678.51
O000388,C00121,2025-04-09,delivered,1051.28
O000389,C00321,2025-12-04,delivered,3629.57
O000390,C00091,2025-03-23,delivered,1722.43
O000391,C00172,2025-11-12,shipped,11942.88
O000392,C00383,2025-12-13,processing,670.55
O000393,C00038,2025-08-30,delivered,94.23
O000394,C00199,2025-07-11,delivered,494.08
O000395,C00070,2025-02-26,processing,2286.84
O000396,C00439,2025-09-25,delivered,1452.17
O000397,C00168,2025-08-11,delivered,328.71
O000398,C00272,2025-07-21,delivered,366.56
O000399,C00375,2025-07-28,cancelled,1677.36
O000400,C00293,2025-10-26,delivered,22296.94
O000401,C00219,2025-05-19,delivered,778.42
O000402,C00057,2025-07-16,delivered,926.57
O000403,C00364,2025-04-15,delivered,2968.03
O000404,C00460,2025-05-17,delivered,6316.19
O000405,C00345,2025-12-21,shipped,6422.05
O000406,C00148,2025-02-09,delivered,17305.09
O000407,C00178,2025-08-04,delivered,162.7
O000408,C00486,2025-09-24,delivered,4762.61
O000409,C00248,2025-07-10,cancelled,6938.1
O000410,C00474,2025-03-24,shipped,14654.12
O000411,C00134,2025-07-09,delivered,650.53
O000412,C00500,2025-03-25,delivered,217.03
O000413,C00476,2025-06-13,delivered,1842.46
O000414,C00246,2025-01-21,delivered,368.26
O000415,C00183,2025-02-17,delivered,1616.81
O000416,C00344,2025-02-14,cancelled,11347.71
O000417,C00158,2025-08-17,processing,628.77
O000418,C00227,2025-05-28,delivered,2122.62
O000419,C00004,2025-07-29,delivered,2079.91
O000420,C00300,2025-06-05,delivered,13175.61
O000421,C00062,2025-05-22,delivered,1422.5
O000422,C00133,2025-11-18,delivered,2740.34
O000423,C00298,2025-01-30,delivered,13794.92
O000424,C00049,2025-11-03,shipped,671.81
O000425,C00074,2025-01-07,delivered,2281.59
O000426,C00236,2025-02-09,delivered,739.03
O000427,C00364,2025-06-05,delivered,835.35
O000428,C00065,2025-04-18,delivered,366.13
O000429,C00221,2025-01-22,delivered,916.47
O000430,C00466,2025-05-10,delivered,1388.69
O000431,C00383,2025-05-23,cancelled,3753.79
O000432,C00099,2025-05-25,delivered,162.62
O000433,C00358,2025-10-29,delivered,7673.6
O000434,C00264,2025-04-27,delivered,4161.34
O000435,C00146,2025-08-22,delivered,875.25
O000436,C00189,2025-04-02,delivered,2762.19
O000437,C00103,2025-11-01,processing,1741.99
O000438,C00262,2025-05-23,delivered,1837.69
O000439,C00348,2025-06-17,delivered,944.97
O000440,C00239,2025-04-14,delivered,2755.81
O000441,C00019,2025-01-17,delivered,8819.53
O000442,C00288,2025-03-22,delivered,2675.92
O000443,C00457,2025-11-17,delivered,785.71
O000444,C00126,2025-05-07,delivered,3015.44
O000445,C00264,2025-08-04,delivered,6548.3
O000446,C00315,2025-06-03,delivered,2079.24
O000447,C00433,2025-10-24,delivered,2060.75
O000448,C00340,2025-10-04,delivered,2238.35
O000449,C00480,2025-11-23,delivered,2990.15
O000450,C00105,2025-07-31,delivered,1315.31
O000451,C00249,2025-10-14,cancelled,10022.7
O000452,C00011,2025-01-29,processing,386.22
O000453,C00344,2025-12-03,processing,12521.87
O000454,C00308,2025-03-04,shipped,2728.31
O000455,C00210,2025-05-11,processing,1039.72
O000456,C00280,2025-08-05,delivered,437.56
O000457,C00331,2025-11-07,delivered,568.48
O000458,C00328,2025-12-25,delivered,749.96
O000459,C00466,2025-07-21,processing,1368.13
O000460,C00018,2025-05-21,processing,2389.11
O000461,C00356,2025-01-15,shipped,622.73
O000462,C00043,2025-02-26,delivered,733.8
O000463,C00304,2025-06-17,shipped,2873.31
O000464,C00332,2025-11-10,delivered,142.76
O000465,C00206,2025-11-13,delivered,17606.13
O000466,C00115,2025-04-15,delivered,1376.08
O000467,C00075,2025-01-15,delivered,2222.19
O000468,C00204,2025-12-18,delivered,1631.26
O000469,C00130,2025-09-16,delivered,1047.81
O000470,C00068,2025-02-15,delivered,9774.79
O000471,C00162,2025-09-09,shipped,2318.61
O000472,C00094,2025-01-19,delivered,1241.07
O000473,C00253,2025-02-27,processing,438.04
O000474,C00457,2025-12-06,delivered,1403.89
O000475,C00394,2025-09-13,delivered,2148.72
O000476,C00363,2025-12-04,delivered,4382.52
O000477,C00442,2025-01-25,shipped,2402.41
O000478,C00011,2025-04-17,delivered,2509.15
O000479,C00189,2025-09-20,delivered,4087.46
O000480,C00115,2025-11-28,delivered,1294.63
O000481,C00245,2025-06-03,delivered,565.55
O000482,C00263,2025-02-25,delivered,3737.69
O000483,C00043,2025-08-02,processing,1038.39
O000484,C00310,2025-05-13,processing,360.38
O000485,C00088,2025-12-02,delivered,3370.78
O000486,C00065,2025-03-11,delivered,295.08
O000487,C00247,2025-11-29,delivered,1863.09
O000488,C00217,2025-01-12,delivered,1409.81
O000489,C00292,2025-07-20,delivered,443.57
O000490,C00254,2025-10-24,delivered,6624.51
O000491,C00010,2025-08-05,delivered,530.76
O000492,C00254,2025-11-15,processing,11826.84
O000493,C00437,2025-12-03,delivered,2933.97
O000494,C00384,2025-02-14,delivered,14061.14
O000495,C00121,2025-04-18,delivered,1748.34
O000496,C00424,2025-09-15,delivered,921.06
O000497,C00115,2025-09-07,delivered,2097.43
O000498,C00026,2025-08-13,shipped,459.56
O000499,C00288,2025-01-22,delivered,859.92
O000500,C00446,2025-02-20,delivered,5464.57
O000501,C00137,2025-07-10,shipped,10513.22
O000502,C00227,2025-03-16,shipped,293.9
O000503,C00032,2025-07-21,shipped,3231.09
O000504,C00206,2025-12-15,shipped,3664.71
O000505,C00320,2025-11-13,delivered,1161.84
O000506,C00277,2025-05-26,delivered,5187.72
O000507,C00217,2025-09-16,delivered,184.37
O000508,C00025,2025-11-30,cancelled,3195.97
O000509,C00342,2025-10-21,delivered,2322.36
O000510,C00110,2025-08-17,delivered,4997.45
O000511,C00066,2025-09-06,shipped,910.79
O000512,C00081,2025-10-14,delivered,645.26
O000513,C00149,2025-01-21,delivered,1728.98
O000514,C00406,2025-03-15,delivered,3499.34
O000515,C00232,2025-06-22,shipped,7039.14
O000516,C00120,2025-07-22,delivered,313.95
O000517,C00085,2025-12-29,delivered,1984.13
O000518,C00244,2025-09-15,processing,982.47
O000519,C00403,2025-04-16,delivered,3198.85
O000520,C00059,2025-02-20,delivered,8964.15
O000521,C00366,2025-01-30,delivered,388.08
O000522,C00483,2025-03-03,delivered,2652.26
O000523,C00032,2025-06-12,delivered,4337.69
O000524,C00209,2025-08-17,delivered,4513.2
O000525,C00232,2025-01-22,delivered,9277.0
O000526,C00431,2025-09-19,delivered,2491.95
O000527,C00285,2025-05-24,processing,1061.44
O000528,C00126,2025-12-06,cancelled,1181.29
O000529,C00285,2025-12-23,shipped,2303.73
O000530,C00091,2025-12-23,cancelled,395.47
O000531,C00011,2025-05-24,delivered,10445.29
O000532,C00101,2025-11-23,delivered,5717.83
O000533,C00034,2025-03-07,delivered,729.99
O000534,C00287,2025-08-21,delivered,4035.31
O000535,C00115,2025-01-25,delivered,5735.58
O000536,C00169,2025-06-09,delivered,1910.69
O000537,C00129,2025-05-07,delivered,398.85
O000538,C00049,2025-11-17,delivered,162.39
O000539,C00456,2025-12-22,delivered,1130.19
O000540,C00029,2025-10-14,delivered,3021.76
O000541,C00265,2025-06-18,delivered,468.88
O000542,C00065,2025-11-23,delivered,1366.57
O000543,C00299,2025-10-05,shipped,1324.71
O000544,C00122,2025-09-17,shipped,438.01
O000545,C00036,2025-06-24,delivered,2444.47
O000546,C00113,2025-01-02,delivered,1473.98
O000547,C00205,2025-04-05,processing,874.32
O000548,C00149,2025-08-14,delivered,10214.22
O000549,C00101,2025-01-12,delivered,1268.91
O000550,C00415,2025-07-10,delivered,9387.05
O000551,C00316,2025-10-28,delivered,2929.93
O000552,C00241,2025-12-06,delivered,2174.66
O000553,C00165,2025-12-31,delivered,1659.27
O000554,C00456,2025-07-13,delivered,1174.58
O000555,C00231,2025-08-28,delivered,2403.43
O000556,C00257,2025-09-20,delivered,275.81
O000557,C00020,2025-10-07,delivered,1599.41
O000558,C00310,2025-03-12,cancelled,2617.21
O000559,C00204,2025-04-27,delivered,3170.97
O000560,C00044,2025-06-10,processing,2388.44
O000561,C00116,2025-08-03,delivered,3775.26
O000562,C00105,2025-07-20,delivered,8444.39
O000563,C00102,2025-02-05,processing,1278.73
O000564,C00381,2025-02-05,delivered,1214.02
O000565,C00104,2025-09-15,shipped,14354.34
O000566,C00047,2025-05-28,delivered,3816.86
O000567,C00292,2025-02-18,delivered,286.33
O000568,C00470,2025-02-04,delivered,1009.06
O000569,C00393,2025-06-16,delivered,2101.06
O000570,C00176,2025-07-24,processing,7280.37
O000571,C00242,2025-05-23,processing,1186.59
O000572,C00344,2025-01-06,delivered,11655.52
O000573,C00025,2025-11-22,shipped,1779.64
O000574,C00396,2025-07-13,shipped,1142.05
O000575,C00099,2025-12-15,delivered,556.06
O000576,C00168,2025-06-15,delivered,903.11
O000577,C00166,2025-03-30,delivered,4065.78
O000578,C00155,2025-11-03,delivered,560.29
O000579,C00167,2025-11-20,delivered,1566.0
O000580,C00312,2025-10-27,delivered,1103.93
O000581,C00122,2025-08-08,shipped,1799.34
O000582,C00193,2025-04-15,delivered,1506.77
O000583,C00403,2025-01-21,delivered,4102.78
O000584,C00447,2025-07-15,delivered,1550.3
O000585,C00065,2025-02-16,delivered,1050.33
O000586,C00091,2025-11-07,delivered,1874.06
O000587,C00313,2025-08-10,shipped,3405.52
O000588,C00288,2025-11-07,delivered,11709.48
O000589,C00497,2025-07-11,delivered,2186.83
O000590,C00395,2025-06-28,delivered,5920.6
O000591,C00310,2025-08-22,cancelled,1284.23
O000592,C00365,2025-07-16,delivered,537.49
O000593,C00219,2025-05-10,delivered,2441.93
O000594,C00158,2025-01-04,cancelled,3709.9
O000595,C00486,2025-02-26,delivered,4572.91
O000596,C00321,2025-11-16,delivered,414.81
O000597,C00249,2025-12-11,shipped,929.65
O000598,C00109,2025-09-25,shipped,2020.5
O000599,C00341,2025-07-24,delivered,318.16
O000600,C00446,2025-12-24,delivered,3052.94
O000601,C00232,2025-11-13,delivered,4923.22
O000602,C00379,2025-11-10,shipped,1594.04
O000603,C00267,2025-10-20,shipped,143.94
O000604,C00459,2025-08-17,cancelled,2850.75
O000605,C00369,2025-05-12,delivered,1077.74
O000606,C00408,2025-12-21,delivered,858.66
O000607,C00329,2025-10-15,cancelled,1992.65
O000608,C00296,2025-01-01,delivered,678.29
O000609,C00340,2025-11-05,delivered,2889.95
O000610,C00418,2025-06-01,processing,8688.18
O000611,C00150,2025-12-27,cancelled,278.98
O000612,C00376,2025-04-26,shipped,107.03
O000613,C00418,2025-12-04,processing,1832.22
O000614,C00037,2025-09-28,shipped,8009.99
O000615,C00479,2025-12-30,delivered,1718.0
O000616,C00334,2025-01-05,delivered,194.96
O000617,C00431,2025-03-28,processing,1684.48
O000618,C00264,2025-11-29,delivered,3184.12
O000619,C00238,2025-11-29,delivered,4503.93
O000620,C00304,2025-04-03,delivered,2084.5
O000621,C00386,2025-04-17,cancelled,10909.64
O000622,C00229,2025-06-10,delivered,1029.48
O000623,C00153,2025-07-06,cancelled,543.05
O000624,C00274,2025-08-16,delivered,2957.83
O000625,C00309,2025-10-10,delivered,1316.94
O000626,C00347,2025-08-06,cancelled,2470.26
O000627,C00191,2025-10-16,delivered,10749.9
O000628,C00273,2025-02-26,delivered,3762.4
O000629,C00474,2025-03-05,delivered,2051.21
O000630,C00163,2025-07-19,delivered,4777.46
O000631,C00399,2025-05-08,delivered,8374.98
O000632,C00209,2025-06-10,processing,163.24
O000633,C00030,2025-02-13,shipped,3094.58
O000634,C00098,2025-01-04,shipped,1394.29
O000635,C00039,2025-07-07,processing,2153.59
O000636,C00154,2025-09-05,delivered,2457.96
O000637,C00457,2025-11-13,processing,2678.29
O000638,C00055,2025-01-03,delivered,1703.67
O000639,C00064,2025-09-07,delivered,3712.27
O000640,C00072,2025-07-01,shipped,2536.89
O000641,C00021,2025-03-10,delivered,13754.26
O000642,C00385,2025-07-24,delivered,2013.22
O000643,C00246,2025-05-29,delivered,306.95
O000644,C00144,2025-02-28,processing,1144.69
O000645,C00438,2025-10-30,delivered,449.1
O000646,C00316,2025-04-13,delivered,2595.19
O000647,C00173,2025-08-07,delivered,1235.07
O000648,C00147,2025-08-30,delivered,871.51
O000649,C00156,2025-02-27,delivered,193.15
O000650,C00399,2025-10-29,delivered,2447.95
O000651,C00361,2025-08-17,processing,435.57
O000652,C00104,2025-10-01,shipped,302.83
O000653,C00437,2025-10-14,cancelled,1367.1
O000654,C00141,2025-12-23,cancelled,4897.15
O000655,C00225,2025-09-18,delivered,21969.84
O000656,C00437,2025-04-23,delivered,12385.16
O000657,C00405,2025-01-27,delivered,750.67
O000658,C00043,2025-12-28,processing,2374.61
O000659,C00132,2025-01-09,delivered,585.54
O000660,C00321,2025-11-21,delivered,1124.22
O000661,C00229,2025-04-29,shipped,4979.95
O000662,C00084,2025-04-01,shipped,640.56
O000663,C00270,2025-03-12,shipped,683.56
O000664,C00007,2025-11-26,processing,732.15
O000665,C00055,2025-10-05,shipped,6951.13
O000666,C00355,2025-05-17,delivered,828.41
O000667,C00262,2025-08-01,delivered,1629.45
O000668,C00453,2025-02-27,delivered,582.68
O000669,C00185,2025-02-13,processing,10760.45
O000670,C00419,2025-05-27,delivered,371.44
O000671,C00465,2025-12-31,shipped,94.89
O000672,C00076,2025-07-19,delivered,1392.83
O000673,C00407,2025-11-22,delivered,4832.84
O000674,C00043,2025-10-25,shipped,479.69
O000675,C00472,2025-02-26,delivered,1943.48
O000676,C00108,2025-04-25,delivered,353.97
O000677,C00028,2025-12-26,delivered,1610.82
O000678,C00188,2025-03-14,delivered,1673.71
O000679,C00381,2025-03-13,shipped,2357.36
O000680,C00385,2025-03-30,delivered,1864.56
O000681,C00365,2025-05-13,processing,7786.57
O000682,C00095,2025-10-14,delivered,178.99
O000683,C00195,2025-03-26,delivered,6958.96
O000684,C00109,2025-11-02,delivered,4578.54
O000685,C00025,2025-06-11,delivered,4214.47
O000686,C00346,2025-02-19,delivered,452.28
O000687,C00301,2025-01-20,delivered,976.48
O000688,C00349,2025-12-01,delivered,2088.22
O000689,C00403,2025-03-09,delivered,4148.83
O000690,C00322,2025-09-12,delivered,7065.79
O000691,C00049,2025-08-21,delivered,5743.54
O000692,C00449,2025-08-15,delivered,566.05
O000693,C00188,2025-09-20,processing,3847.34
O000694,C00421,2025-10-15,delivered,182.42
O000695,C00199,2025-08-25,delivered,1313.91
O000696,C00169,2025-02-03,delivered,1978.46
O000697,C00480,2025-07-05,shipped,2785.61
O000698,C00215,2025-09-26,delivered,8675.14
O000699,C00275,2025-12-19,shipped,8626.91
O000700,C00078,2025-08-23,processing,2074.34
O000701,C00112,2025-04-07,delivered,1295.09
O000702,C00417,2025-07-06,delivered,2271.64
O000703,C00499,2025-06-21,delivered,3887.55
O000704,C00338,2025-12-19,delivered,459.52
O000705,C00255,2025-11-16,processing,1066.75
O000706,C00149,2025-08-04,delivered,2546.31
O000707,C00115,2025-09-17,delivered,785.9
O000708,C00419,2025-09-23,processing,1631.4
O000709,C00478,2025-10-23,delivered,13277.61
O000710,C00284,2025-03-23,cancelled,2666.13
O000711,C00196,2025-01-13,shipped,1414.25
O000712,C00275,2025-05-06,shipped,2534.82
O000713,C00135,2025-04-03,delivered,881.34
O000714,C00466,2025-08-19,shipped,867.93
O000715,C00178,2025-09-05,cancelled,9984.17
O000716,C00311,2025-01-16,delivered,1121.14
O000717,C00141,2025-09-04,delivered,2781.73
O000718,C00415,2025-09-11,delivered,11040.84
O000719,C00453,2025-08-17,delivered,1967.9
O000720,C00456,2025-01-18,cancelled,2895.55
O000721,C00405,2025-04-06,delivered,584.44
O000722,C00005,2025-06-13,delivered,1823.7
O000723,C00143,2025-11-08,cancelled,2066.84
O000724,C00417,2025-06-13,delivered,163.5
O000725,C00062,2025-03-05,delivered,3429.69
O000726,C00459,2025-10-01,processing,822.41
O000727,C00411,2025-08-01,shipped,1733.29
O000728,C00329,2025-03-04,processing,958.48
O000729,C00166,2025-12-19,shipped,18970.15
O000730,C00453,2025-01-23,delivered,1522.64
O000731,C00442,2025-03-17,shipped,2888.17
O000732,C00043,2025-06-30,delivered,691.74
O000733,C00007,2025-12-10,delivered,13423.58
O000734,C00113,2025-07-06,delivered,6037.56
O000735,C00057,2025-05-04,delivered,10400.24
O000736,C00226,2025-05-20,delivered,1139.56
O000737,C00097,2025-07-26,delivered,2279.6
O000738,C00137,2025-05-03,delivered,561.24
O000739,C00202,2025-02-21,delivered,11766.14
O000740,C00157,2025-12-19,delivered,4335.14
O000741,C00452,2025-02-09,delivered,1423.08
O000742,C00127,2025-08-30,delivered,1493.69
O000743,C00076,2025-02-18,delivered,1569.19
O000744,C00171,2025-09-23,shipped,2293.61
O000745,C00106,2025-02-15,delivered,1870.21
O000746,C00159,2025-04-08,delivered,881.9
O000747,C00349,2025-03-18,delivered,1440.59
O000748,C00251,2025-06-06,delivered,4379.41
O000749,C00139,2025-03-15,cancelled,971.93
O000750,C00348,2025-11-23,delivered,1413.55
O000751,C00070,2025-08-02,delivered,926.88
O000752,C00161,2025-09-15,processing,2812.1
O000753,C00465,2025-06-04,shipped,3460.34
O000754,C00028,2025-02-13,delivered,957.84
O000755,C00170,2025-02-01,delivered,557.02
O000756,C00115,2025-12-12,delivered,750.87
O000757,C00001,2025-03-20,delivered,470.34
O000758,C00427,2025-09-16,delivered,195.99
O000759,C00121,2025-10-07,delivered,2626.54
O000760,C00149,2025-05-29,delivered,4768.52
O000761,C00331,2025-11-30,processing,4499.53
O000762,C00033,2025-03-31,delivered,3082.06
O000763,C00493,2025-08-30,delivered,2214.23
O000764,C00317,2025-07-26,delivered,85.08
O000765,C00479,2025-12-14,delivered,573.38
O000766,C00457,2025-07-16,shipped,4096.12
O000767,C00069,2025-11-23,delivered,10574.61
O000768,C00271,2025-04-09,delivered,964.93
O000769,C00072,2025-01-03,delivered,3640.53
O000770,C00461,2025-10-14,processing,1169.98
O000771,C00041,2025-03-07,shipped,2918.32
O000772,C00361,2025-07-03,delivered,914.98
O000773,C00317,2025-01-30,delivered,1442.7
O000774,C00216,2025-05-14,delivered,11164.88
O000775,C00340,2025-02-01,delivered,291.51
O000776,C00037,2025-08-02,delivered,217.65
O000777,C00022,2025-02-23,delivered,1100.83
O000778,C00397,2025-04-11,delivered,4649.26
O000779,C00100,2025-06-25,delivered,305.22
O000780,C00383,2025-10-02,delivered,106.15
O000781,C00065,2025-08-13,delivered,556.45
O000782,C00067,2025-11-07,delivered,332.42
O000783,C00362,2025-07-02,processing,1230.97
O000784,C00458,2025-05-17,delivered,1873.77
O000785,C00041,2025-04-15,processing,810.24
O000786,C00226,2025-11-29,shipped,858.56
O000787,C00424,2025-02-13,delivered,2589.97
O000788,C00466,2025-11-08,shipped,645.57
O000789,C00374,2025-01-30,shipped,1570.91
O000790,C00465,2025-01-08,delivered,1945.95
O000791,C00335,2025-11-08,delivered,1414.03
O000792,C00327,2025-10-12,delivered,668.61
O000793,C00226,2025-04-03,delivered,2101.97
O000794,C00351,2025-09-17,processing,5140.8
O000795,C00121,2025-06-29,delivered,2871.96
O000796,C00500,2025-07-28,processing,1762.42
O000797,C00161,2025-09-19,shipped,4287.05
O000798,C00290,2025-09-15,cancelled,3592.65
O000799,C00125,2025-07-05,delivered,1880.61
O000800,C00335,2025-09-05,delivered,2042.22
O000801,C00061,2025-02-11,delivered,1387.86
O000802,C00135,2025-10-11,shipped,4680.88
O000803,C00286,2025-05-04,shipped,1832.73
O000804,C00024,2025-02-07,shipped,1662.9
O000805,C00393,2025-10-29,processing,3565.39
O000806,C00333,2025-08-21,delivered,5205.49
O000807,C00166,2025-07-16,delivered,3027.57
O000808,C00451,2025-11-12,delivered,878.44
O000809,C00342,2025-05-23,delivered,1179.62
O000810,C00251,2025-01-14,delivered,1967.02
O000811,C00456,2025-08-10,delivered,188.13
O000812,C00412,2025-02-10,shipped,949.15
O000813,C00353,2025-06-11,processing,1270.29
O000814,C00431,2025-10-13,delivered,405.45
O000815,C00193,2025-04-23,delivered,5285.17
O000816,C00223,2025-02-04,delivered,2418.24
O000817,C00179,2025-09-05,delivered,396.98
O000818,C00183,2025-10-06,delivered,590.15
O000819,C00127,2025-12-06,delivered,762.25
O000820,C00413,2025-09-08,delivered,1298.26
O000821,C00346,2025-06-12,delivered,2878.48
O000822,C00313,2025-06-18,delivered,158.97
O000823,C00361,2025-06-20,processing,988.91
O000824,C00430,2025-10-02,delivered,3884.63
O000825,C00019,2025-01-11,shipped,908.28
O000826,C00013,2025-04-28,delivered,2174.68
O000827,C00044,2025-02-09,delivered,3952.88
O000828,C00141,2025-08-23,delivered,3414.48
O000829,C00009,2025-09-12,shipped,2185.68
O000830,C00160,2025-06-20,delivered,141.14
O000831,C00128,2025-02-12,delivered,4145.72
O000832,C00003,2025-05-18,delivered,3810.03
O000833,C00066,2025-01-07,delivered,7517.43
O000834,C00454,2025-08-06,delivered,6649.34
O000835,C00333,2025-03-26,delivered,478.63
O000836,C00475,2025-03-11,delivered,5043.7
O000837,C00081,2025-02-04,delivered,2689.54
O000838,C00320,2025-07-26,processing,3758.16
O000839,C00409,2025-09-25,delivered,2404.06
O000840,C00315,2025-03-17,delivered,1734.93
O000841,C00397,2025-07-17,shipped,2163.14
O000842,C00227,2025-09-08,delivered,3036.09
O000843,C00316,2025-10-14,processing,6426.57
O000844,C00301,2025-06-08,delivered,2844.92
O000845,C00321,2025-01-30,cancelled,197.68
O000846,C00089,2025-08-31,shipped,920.22
O000847,C00377,2025-04-01,processing,417.65
O000848,C00440,2025-10-06,delivered,1394.51
O000849,C00370,2025-07-07,delivered,12984.44
O000850,C00326,2025-01-02,delivered,969.99
O000851,C00163,2025-10-30,delivered,282.96
O000852,C00042,2025-05-07,delivered,1407.61
O000853,C00290,2025-06-11,delivered,7012.65
O000854,C00297,2025-07-06,delivered,11709.93
O000855,C00176,2025-12-25,cancelled,1429.66
O000856,C00301,2025-06-15,delivered,1678.42
O000857,C00157,2025-03-25,delivered,2138.23
O000858,C00428,2025-05-05,delivered,2014.66
O000859,C00138,2025-10-23,delivered,3795.54
O000860,C00385,2025-03-13,delivered,2350.21
O000861,C00453,2025-03-30,delivered,3455.49
O000862,C00351,2025-10-12,processing,13006.4
O000863,C00125,2025-02-19,delivered,12801.07
O000864,C00251,2025-12-09,shipped,841.79
O000865,C00186,2025-06-24,delivered,757.83
O000866,C00256,2025-04-07,delivered,3137.68
O000867,C00084,2025-07-23,delivered,387.61
O000868,C00442,2025-07-27,shipped,3552.18
O000869,C00233,2025-01-06,delivered,4027.04
O000870,C00092,2025-08-06,delivered,3573.96
O000871,C00021,2025-03-04,processing,2697.09
O000872,C00326,2025-01-19,delivered,1569.6
O000873,C00177,2025-08-23,delivered,616.12
O000874,C00191,2025-01-20,delivered,2472.26
O000875,C00206,2025-01-12,delivered,1047.87
O000876,C00410,2025-01-26,delivered,1658.55
O000877,C00107,2025-01-10,shipped,897.96
O000878,C00033,2025-11-10,delivered,5603.46
O000879,C00200,2025-05-11,delivered,1151.51
O000880,C00383,2025-09-29,delivered,2196.39
O000881,C00499,2025-05-26,delivered,2661.13
O000882,C00210,2025-06-30,shipped,2517.85
O000883,C00388,2025-08-26,delivered,10694.01
O000884,C00097,2025-11-22,delivered,4600.15
O000885,C00313,2025-05-08,delivered,3089.47
O000886,C00480,2025-12-31,processing,3355.25
O000887,C00257,2025-11-25,delivered,1363.82
O000888,C00198,2025-02-06,shipped,2896.68
O000889,C00416,2025-07-23,processing,2930.46
O000890,C00404,2025-03-05,delivered,2608.42
O000891,C00136,2025-02-19,delivered,1197.68
O000892,C00134,2025-06-25,delivered,1238.48
O000893,C00484,2025-03-23,delivered,2348.51
O000894,C00117,2025-01-15,processing,16579.69
O000895,C00080,2025-10-28,processing,4306.14
O000896,C00485,2025-02-03,delivered,11509.16
O000897,C00383,2025-09-26,processing,4285.57
O000898,C00493,2025-10-01,processing,148.3
O000899,C00132,2025-04-04,delivered,843.93
O000900,C00381,2025-04-08,shipped,100.35
O000901,C00117,2025-05-05,delivered,2869.55
O000902,C00250,2025-06-03,delivered,1401.3
O000903,C00324,2025-04-01,delivered,1417.53
O000904,C00004,2025-06-13,processing,8415.92
O000905,C00119,2025-04-20,delivered,1042.19
O000906,C00203,2025-03-29,processing,1426.59
O000907,C00478,2025-05-15,delivered,3375.23
O000908,C00482,2025-07-26,delivered,2012.3
O000909,C00196,2025-06-16,delivered,962.67
O000910,C00371,2025-09-03,cancelled,2474.75
O000911,C00276,2025-07-09,delivered,10969.38
O000912,C00103,2025-10-15,delivered,2746.82
O000913,C00396,2025-02-04,processing,1649.57
O000914,C00347,2025-12-27,delivered,10312.34
O000915,C00250,2025-01-25,processing,292.12
O000916,C00492,2025-09-16,processing,3545.77
O000917,C00263,2025-02-14,delivered,2426.85
O000918,C00271,2025-12-21,shipped,1093.28
O000919,C00235,2025-12-01,delivered,931.17
O000920,C00066,2025-10-04,delivered,390.63
O000921,C00156,2025-03-25,delivered,1005.76
O000922,C00026,2025-08-17,delivered,1176.59
O000923,C00388,2025-04-18,delivered,3975.75
O000924,C00216,2025-07-24,cancelled,1920.94
O000925,C00334,2025-06-03,delivered,752.42
O000926,C00374,2025-11-28,processing,3274.06
O000927,C00266,2025-03-21,delivered,3702.4
O000928,C00415,2025-12-09,delivered,299.75
O000929,C00321,2025-07-11,processing,2293.64
O000930,C00194,2025-11-03,shipped,4044.53
O000931,C00213,2025-10-02,delivered,388.55
O000932,C00166,2025-12-03,delivered,1599.01
O000933,C00113,2025-09-21,delivered,635.93
O000934,C00116,2025-05-09,delivered,1049.92
O000935,C00075,2025-10-24,shipped,615.62
O000936,C00008,2025-03-15,delivered,10796.66
O000937,C00110,2025-08-21,delivered,1339.43
O000938,C00266,2025-05-15,delivered,3003.65
O000939,C00448,2025-06-27,delivered,1673.37
O000940,C00308,2025-03-19,delivered,181.22
O000941,C00082,2025-02-21,delivered,976.66
O000942,C00026,2025-07-25,delivered,8659.77
O000943,C00387,2025-07-30,delivered,739.61
O000944,C00494,2025-05-22,delivered,11166.57
O000945,C00322,2025-11-03,delivered,1673.15
O000946,C00321,2025-08-27,delivered,410.94
O000947,C00309,2025-11-03,processing,965.22
O000948,C00395,2025-05-24,processing,1148.88
O000949,C00300,2025-09-11,delivered,3062.59
O000950,C00430,2025-11-26,cancelled,145.72
O000951,C00202,2025-01-21,delivered,2337.15
O000952,C00150,2025-07-31,shipped,2567.92
O000953,C00286,2025-10-08,delivered,5488.07
O000954,C00208,2025-06-10,delivered,1533.58
O000955,C00082,2025-03-28,delivered,7572.15
O000956,C00287,2025-10-03,delivered,3648.06
O000957,C00135,2025-03-16,shipped,3218.5
O000958,C00423,2025-01-21,delivered,969.63
O000959,C00226,2025-11-28,shipped,1604.59
O000960,C00283,2025-10-18,delivered,1742.66
O000961,C00411,2025-05-15,delivered,1112.11
O000962,C00470,2025-09-17,shipped,906.07
O000963,C00317,2025-08-13,delivered,6433.55
O000964,C00130,2025-01-15,shipped,11746.78
O000965,C00393,2025-10-04,cancelled,2989.36
O000966,C00100,2025-05-08,cancelled,1839.91
O000967,C00359,2025-12-17,delivered,6738.52
O000968,C00180,2025-11-28,delivered,2055.67
O000969,C00007,2025-01-03,delivered,2395.26
O000970,C00050,2025-12-16,processing,1099.26
O000971,C00479,2025-06-09,processing,916.12
O000972,C00255,2025-04-09,delivered,1097.37
O000973,C00123,2025-09-09,delivered,7153.67
O000974,C00280,2025-11-26,delivered,11255.56
O000975,C00288,2025-09-05,delivered,2714.65
O000976,C00383,2025-10-20,delivered,3073.91
O000977,C00261,2025-09-26,processing,1686.65
O000978,C00293,2025-11-24,delivered,107.9
O000979,C00003,2025-05-04,delivered,689.02
O000980,C00349,2025-10-20,shipped,1272.19
O000981,C00399,2025-09-07,delivered,635.67
O000982,C00340,2025-12-20,delivered,273.81
O000983,C00484,2025-05-12,cancelled,938.14
O000984,C00246,2025-02-25,delivered,82.41
O000985,C00224,2025-11-12,delivered,1619.75
O000986,C00292,2025-01-08,cancelled,7503.07
O000987,C00033,2025-04-26,delivered,1180.36
O000988,C00083,2025-03-15,delivered,3778.33
O000989,C00351,2025-04-30,delivered,1475.02
O000990,C00115,2025-11-18,delivered,1957.18
O000991,C00352,2025-11-12,delivered,1478.44
O000992,C00275,2025-07-04,delivered,8407.17
O000993,C00236,2025-07-30,shipped,731.54
O000994,C00376,2025-08-20,delivered,3516.91
O000995,C00281,2025-07-29,delivered,11347.69
O000996,C00197,2025-09-22,delivered,8579.05
O000997,C00126,2025-03-08,shipped,946.95
O000998,C00477,2025-07-02,delivered,511.59
O000999,C00174,2025-12-27,delivered,1138.51
O001000,C00144,2025-12-20,processing,529.96
O001001,C00243,2025-07-14,delivered,1520.45
O001002,C00458,2025-01-11,cancelled,741.62
O001003,C00492,2025-12-09,delivered,1793.83
O001004,C00436,2025-05-10,delivered,3022.32
O001005,C00173,2025-01-21,delivered,3321.46
O001006,C00345,2025-05-19,delivered,3005.61
O001007,C00145,2025-05-17,delivered,989.9
O001008,C00411,2025-05-02,shipped,942.47
O001009,C00466,2025-11-13,delivered,2031.5
O001010,C00406,2025-12-18,delivered,385.44
O001011,C00419,2025-04-12,shipped,10377.16
O001012,C00064,2025-12-26,shipped,3839.57
O001013,C00212,2025-09-17,delivered,1230.18
O001014,C00387,2025-03-24,delivered,1367.85
O001015,C00346,2025-08-17,delivered,374.05
O001016,C00135,2025-06-13,delivered,5998.37
O001017,C00434,2025-07-26,delivered,8822.27
O001018,C00304,2025-04-05,delivered,858.66
O001019,C00255,2025-07-20,delivered,1637.55
O001020,C00488,2025-06-15,shipped,5384.22
O001021,C00317,2025-08-08,delivered,1937.63
O001022,C00010,2025-08-17,delivered,693.93
O001023,C00144,2025-10-12,delivered,1138.48
O001024,C00289,2025-08-29,processing,2866.85
O001025,C00231,2025-07-19,shipped,3449.69
O001026,C00075,2025-05-20,cancelled,3249.02
O001027,C00405,2025-07-12,delivered,167.09
O001028,C00334,2025-11-26,shipped,890.3
O001029,C00081,2025-11-01,delivered,968.34
O001030,C00027,2025-06-17,delivered,4719.01
O001031,C00145,2025-06-15,delivered,104.35
O001032,C00033,2025-02-04,delivered,1420.22
O001033,C00174,2025-02-11,delivered,1368.37
O001034,C00405,2025-07-22,delivered,167.54
O001035,C00123,2025-01-29,delivered,2551.5
O001036,C00113,2025-04-30,cancelled,1731.04
O001037,C00013,2025-12-09,shipped,7199.96
O001038,C00109,2025-03-19,delivered,3998.41
O001039,C00334,2025-05-27,delivered,3070.76
O001040,C00354,2025-12-12,delivered,4944.85
O001041,C00093,2025-06-20,delivered,4713.63
O001042,C00437,2025-01-16,delivered,144.01
O001043,C00291,2025-03-23,delivered,8606.88
O001044,C00073,2025-05-15,delivered,1130.28
O001045,C00372,2025-05-01,delivered,2205.85
O001046,C00222,2025-08-27,delivered,721.82
O001047,C00145,2025-09-03,delivered,1239.14
O001048,C00488,2025-12-26,delivered,1264.75
O001049,C00084,2025-07-11,delivered,1649.91
O001050,C00150,2025-03-17,shipped,2227.24
O001051,C00176,2025-09-17,processing,3905.0
O001052,C00355,2025-07-22,delivered,3030.54
O001053,C00060,2025-06-16,shipped,4313.39
O001054,C00328,2025-11-26,delivered,821.26
O001055,C00487,2025-06-06,delivered,1189.47
O001056,C00487,2025-03-02,delivered,3686.04
O001057,C00315,2025-10-31,delivered,3179.15
O001058,C00252,2025-01-14,delivered,1507.11
O001059,C00166,2025-06-08,delivered,4975.81
O001060,C00474,2025-10-02,delivered,311.79
O001061,C00462,2025-08-20,delivered,2041.99
O001062,C00247,2025-09-06,delivered,1247.03
O001063,C00359,2025-03-01,delivered,754.92
O001064,C00363,2025-09-26,processing,1592.22
O001065,C00206,2025-09-17,processing,3883.7
O001066,C00135,2025-09-02,delivered,806.33
O001067,C00191,2025-01-31,delivered,428.64
O001068,C00451,2025-03-12,delivered,271.89
O001069,C00199,2025-10-11,delivered,3750.38
O001070,C00390,2025-02-04,delivered,717.67
O001071,C00321,2025-07-05,processing,4058.45
O001072,C00311,2025-04-26,shipped,2099.45
O001073,C00307,2025-09-24,delivered,393.29
O001074,C00457,2025-03-16,shipped,1720.91
O001075,C00429,2025-10-02,delivered,3430.74
O001076,C00173,2025-02-16,delivered,4889.43
O001077,C00465,2025-05-03,delivered,10364.01
O001078,C00395,2025-12-19,delivered,2020.04
O001079,C00307,2025-11-21,processing,377.24
O001080,C00175,2025-03-16,delivered,637.36
O001081,C00035,2025-04-07,shipped,1677.71
O001082,C00251,2025-11-01,delivered,12485.19
O001083,C00021,2025-12-05,delivered,469.45
O001084,C00124,2025-04-29,delivered,2313.45
O001085,C00278,2025-11-12,delivered,594.01
O001086,C00124,2025-08-24,delivered,449.82
O001087,C00110,2025-04-29,delivered,790.61
O001088,C00315,2025-07-14,delivered,2243.98
O001089,C00106,2025-07-10,delivered,1088.18
O001090,C00207,2025-04-17,delivered,1632.0
O001091,C00358,2025-02-03,delivered,1749.23
O001092,C00224,2025-08-17,processing,756.38
O001093,C00246,2025-03-22,delivered,301.16
O001094,C00316,2025-12-23,delivered,847.49
O001095,C00267,2025-02-04,delivered,1082.16
O001096,C00281,2025-08-29,cancelled,388.18
O001097,C00419,2025-04-02,delivered,7450.4
O001098,C00070,2025-03-27,delivered,1238.38
O001099,C00233,2025-03-31,shipped,3845.7
O001100,C00271,2025-09-08,delivered,4198.29
O001101,C00480,2025-07-28,delivered,2625.53
O001102,C00223,2025-11-23,shipped,1469.02
O001103,C00239,2025-07-10,processing,8917.23
O001104,C00307,2025-05-31,delivered,2647.89
O001105,C00261,2025-04-22,delivered,2828.07
O001106,C00389,2025-09-07,delivered,1097.71
O001107,C00478,2025-07-13,delivered,4572.56
O001108,C00215,2025-10-19,delivered,1012.74
O001109,C00373,2025-09-05,shipped,1652.73
O001110,C00373,2025-07-10,processing,4158.66
O001111,C00305,2025-05-06,delivered,772.31
O001112,C00499,2025-07-27,delivered,666.79
O001113,C00358,2025-10-05,delivered,1941.35
O001114,C00213,2025-08-31,cancelled,1221.97
O001115,C00125,2025-11-09,shipped,4247.85
O001116,C00460,2025-02-17,processing,2109.8
O001117,C00352,2025-12-25,delivered,1738.66
O001118,C00043,2025-01-21,delivered,839.92
O001119,C00314,2025-05-26,delivered,1416.32
O001120,C00232,2025-07-03,cancelled,982.74
O001121,C00080,2025-01-19,delivered,6476.37
O001122,C00395,2025-06-20,delivered,1522.98
O001123,C00108,2025-08-31,delivered,12370.53
O001124,C00364,2025-06-15,delivered,1527.84
O001125,C00250,2025-06-21,delivered,1631.29
O001126,C00005,2025-11-20,delivered,3597.97
O001127,C00201,2025-09-28,cancelled,854.18
O001128,C00387,2025-08-22,delivered,2871.4
O001129,C00303,2025-04-25,delivered,590.41
O001130,C00488,2025-08-19,delivered,424.09
O001131,C00417,2025-10-07,processing,1588.07
O001132,C00308,2025-12-06,delivered,2166.44
O001133,C00280,2025-12-02,delivered,3362.19
O001134,C00374,2025-03-25,delivered,1680.18
O001135,C00395,2025-05-19,cancelled,554.39
O001136,C00063,2025-09-04,delivered,1514.54
O001137,C00084,2025-03-16,delivered,1669.05
O001138,C00414,2025-09-20,shipped,12608.56
O001139,C00165,2025-11-25,delivered,810.58
O001140,C00341,2025-07-10,delivered,4013.39
O001141,C00320,2025-01-17,shipped,2393.82
O001142,C00133,2025-07-14,cancelled,3689.52
O001143,C00168,2025-04-05,shipped,480.27
O001144,C00455,2025-03-05,delivered,1141.24
O001145,C00365,2025-10-09,processing,822.01
O001146,C00380,2025-01-27,delivered,405.09
O001147,C00241,2025-07-04,delivered,978.81
O001148,C00172,2025-03-28,delivered,347.82
O001149,C00378,2025-12-16,delivered,2101.32
O001150,C00070,2025-07-27,cancelled,1102.69
O001151,C00130,2025-12-20,delivered,2162.76
O001152,C00024,2025-02-06,delivered,660.56
O001153,C00357,2025-01-08,delivered,8402.51
O001154,C00340,2025-04-14,processing,3524.95
O001155,C00224,2025-01-26,delivered,3556.98
O001156,C00403,2025-09-29,delivered,3525.25
O001157,C00249,2025-07-16,delivered,618.43
O001158,C00207,2025-01-11,delivered,570.06
O001159,C00491,2025-12-09,processing,470.06
O001160,C00175,2025-01-01,delivered,650.88
O001161,C00432,2025-11-05,delivered,4638.46
O001162,C00221,2025-10-15,delivered,141.84
O001163,C00240,2025-07-31,delivered,444.42
O001164,C00378,2025-04-20,delivered,975.17
O001165,C00144,2025-11-26,delivered,1202.99
O001166,C00086,2025-12-03,shipped,212.47
O001167,C00211,2025-06-19,delivered,585.68
O001168,C00379,2025-02-19,cancelled,186.79
O001169,C00378,2025-01-24,shipped,10571.97
O001170,C00061,2025-04-15,delivered,664.27
O001171,C00044,2025-03-22,delivered,2108.69
O001172,C00081,2025-11-01,delivered,1244.46
O001173,C00110,2025-01-11,delivered,4529.48
O001174,C00246,2025-07-22,processing,4739.19
O001175,C00276,2025-10-10,delivered,605.67
O001176,C00219,2025-09-09,processing,11622.15
O001177,C00217,2025-11-21,delivered,1402.58
O001178,C00166,2025-03-26,shipped,149.32
O001179,C00402,2025-10-03,delivered,984.03
O001180,C00077,2025-06-30,delivered,925.9
O001181,C00082,2025-02-13,delivered,2941.99
O001182,C00090,2025-05-28,delivered,326.73
O001183,C00014,2025-01-23,delivered,341.36
O001184,C00186,2025-09-22,delivered,1796.01
O001185,C00339,2025-01-26,delivered,1225.45
O001186,C00107,2025-05-04,delivered,3188.5
O001187,C00428,2025-09-28,delivered,856.27
O001188,C00486,2025-08-31,delivered,1384.58
O001189,C00345,2025-02-03,delivered,6073.92
O001190,C00370,2025-09-28,delivered,329.73
O001191,C00200,2025-05-30,cancelled,5685.14
O001192,C00467,2025-01-12,delivered,4836.19
O001193,C00358,2025-09-14,delivered,1757.35
O001194,C00150,2025-05-03,delivered,1419.23
O001195,C00063,2025-07-22,shipped,721.77
O001196,C00025,2025-11-07,cancelled,1042.11
O001197,C00021,2025-07-28,processing,473.21
O001198,C00493,2025-06-17,cancelled,1285.69
O001199,C00467,2025-04-05,delivered,152.48
O001200,C00213,2025-02-27,delivered,579.87
O001201,C00374,2025-05-26,processing,324.78
O001202,C00189,2025-11-09,shipped,435.0
O001203,C00277,2025-05-30,delivered,14132.97
O001204,C00141,2025-06-21,delivered,155.76
O001205,C00267,2025-10-02,delivered,243.88
O001206,C00253,2025-07-22,delivered,461.56
O001207,C00400,2025-01-10,processing,2035.35
O001208,C00447,2025-01-14,delivered,1182.56
O001209,C00321,2025-09-06,delivered,808.84
O001210,C00003,2025-09-28,cancelled,3893.1
O001211,C00024,2025-04-19,delivered,1249.49
O001212,C00149,2025-05-27,delivered,439.13
O001213,C00388,2025-11-03,shipped,6547.39
O001214,C00456,2025-09-25,delivered,3274.02
O001215,C00456,2025-04-08,delivered,11819.9
O001216,C00319,2025-12-25,delivered,5910.71
O001217,C00344,2025-12-06,delivered,2305.06
O001218,C00455,2025-12-06,delivered,2421.07
O001219,C00303,2025-07-03,delivered,1752.66
O001220,C00111,2025-01-08,delivered,1041.49
O001221,C00077,2025-05-04,delivered,364.93
O001222,C00201,2025-07-19,delivered,300.03
O001223,C00343,2025-04-09,shipped,1828.22
O001224,C00378,2025-06-14,delivered,2614.04
O001225,C00226,2025-08-15,delivered,12432.81
O001226,C00447,2025-09-09,shipped,2198.49
O001227,C00104,2025-08-21,delivered,662.74
O001228,C00240,2025-10-06,processing,7632.23
O001229,C00240,2025-09-11,delivered,9812.32
O001230,C00297,2025-06-15,delivered,1934.62
O001231,C00464,2025-08-26,shipped,19161.36
O001232,C00266,2025-08-03,delivered,2176.51
O001233,C00435,2025-09-21,delivered,3908.86
O001234,C00349,2025-03-02,delivered,757.56
O001235,C00400,2025-03-17,processing,877.6
O001236,C00338,2025-03-29,delivered,7202.73
O001237,C00352,2025-05-16,delivered,1574.16
O001238,C00387,2025-11-01,cancelled,2038.74
O001239,C00355,2025-04-28,delivered,3746.42
O001240,C00044,2025-05-26,delivered,3772.9
O001241,C00479,2025-11-12,delivered,4624.25
O001242,C00255,2025-03-20,processing,1135.93
O001243,C00269,2025-01-01,delivered,1009.72
O001244,C00200,2025-07-15,shipped,4764.95
O001245,C00129,2025-04-04,processing,7615.36
O001246,C00201,2025-04-24,processing,2478.18
O001247,C00351,2025-12-15,processing,2695.26
O001248,C00485,2025-10-29,delivered,3004.66
O001249,C00364,2025-07-20,delivered,300.94
O001250,C00287,2025-06-16,delivered,1353.7
O001251,C00058,2025-09-04,delivered,3086.68
O001252,C00430,2025-07-06,delivered,777.05
O001253,C00215,2025-09-01,shipped,593.48
O001254,C00009,2025-11-14,delivered,508.61
O001255,C00234,2025-07-16,delivered,596.45
O001256,C00376,2025-03-09,shipped,170.37
O001257,C00084,2025-03-12,processing,1970.51
O001258,C00173,2025-12-09,delivered,4070.97
O001259,C00416,2025-12-21,delivered,1927.78
O001260,C00491,2025-05-02,delivered,548.13
O001261,C00175,2025-09-04,delivered,1365.59
O001262,C00267,2025-09-26,delivered,5674.1
O001263,C00383,2025-01-04,delivered,287.79
O001264,C00069,2025-04-08,processing,7984.49
O001265,C00379,2025-01-05,processing,1386.11
O001266,C00242,2025-07-26,delivered,369.98
O001267,C00238,2025-06-14,delivered,10679.33
O001268,C00461,2025-12-03,delivered,2898.95
O001269,C00331,2025-08-29,delivered,4913.47
O001270,C00211,2025-03-29,cancelled,2038.11
O001271,C00296,2025-10-04,delivered,1042.8
O001272,C00171,2025-05-14,processing,8023.63
O001273,C00270,2025-09-12,shipped,1253.89
O001274,C00077,2025-01-15,shipped,6855.79
O001275,C00097,2025-03-30,delivered,897.71
O001276,C00258,2025-09-17,processing,3539.85
O001277,C00009,2025-05-23,cancelled,1333.05
O001278,C00178,2025-03-25,cancelled,925.62
O001279,C00475,2025-10-28,shipped,149.24
O001280,C00314,2025-04-11,processing,1657.87
O001281,C00444,2025-12-18,processing,8100.26
O001282,C00070,2025-06-25,delivered,4413.0
O001283,C00449,2025-12-07,shipped,6546.4
O001284,C00012,2025-10-13,delivered,393.2
O001285,C00066,2025-01-09,processing,1373.3
O001286,C00477,2025-04-20,shipped,840.94
O001287,C00479,2025-07-03,delivered,1315.45
O001288,C00217,2025-03-05,delivered,3061.73
O001289,C00370,2025-02-13,delivered,370.03
O001290,C00333,2025-02-24,delivered,4284.33
O001291,C00009,2025-11-12,delivered,3617.01
O001292,C00146,2025-08-06,processing,498.52
O001293,C00023,2025-10-12,delivered,831.8
O001294,C00413,2025-07-31,delivered,841.94
O001295,C00083,2025-08-05,delivered,1550.75
O001296,C00076,2025-10-31,delivered,410.2
O001297,C00261,2025-01-22,delivered,625.31
O001298,C00497,2025-01-25,shipped,3133.39
O001299,C00223,2025-04-04,delivered,2242.44
O001300,C00207,2025-03-22,processing,1728.77
O001301,C00030,2025-05-17,delivered,2004.57
O001302,C00384,2025-12-02,delivered,1217.61
O001303,C00002,2025-06-11,delivered,163.43
O001304,C00302,2025-06-02,delivered,2325.01
O001305,C00285,2025-05-30,delivered,7752.84
O001306,C00292,2025-02-28,cancelled,1591.55
O001307,C00046,2025-07-30,delivered,2112.57
O001308,C00190,2025-12-17,shipped,2097.58
O001309,C00476,2025-07-24,processing,13295.66
O001310,C00478,2025-01-06,delivered,181.24
O001311,C00164,2025-08-31,delivered,1739.06
O001312,C00262,2025-09-13,delivered,4348.45
O001313,C00326,2025-01-26,delivered,775.45
O001314,C00250,2025-05-26,delivered,2018.91
O001315,C00150,2025-11-24,delivered,3108.43
O001316,C00079,2025-10-15,delivered,12640.39
O001317,C00274,2025-07-24,delivered,582.82
O001318,C00295,2025-02-04,delivered,141.34
O001319,C00459,2025-05-08,delivered,535.54
O001320,C00175,2025-04-06,cancelled,202.05
O001321,C00171,2025-12-25,delivered,2075.5
O001322,C00163,2025-11-29,delivered,768.49
O001323,C00034,2025-09-22,delivered,3986.45
O001324,C00140,2025-02-10,delivered,2596.33
O001325,C00500,2025-10-25,delivered,3270.89
O001326,C00307,2025-12-14,delivered,745.36
O001327,C00216,2025-06-10,delivered,975.11
O001328,C00013,2025-11-01,delivered,869.05
O001329,C00463,2025-10-13,delivered,3444.23
O001330,C00231,2025-06-07,shipped,9984.56
O001331,C00410,2025-07-27,processing,6549.61
O001332,C00172,2025-11-06,delivered,1126.45
O001333,C00093,2025-08-20,delivered,1665.91
O001334,C00409,2025-09-22,delivered,2437.84
O001335,C00265,2025-07-22,delivered,7813.42
O001336,C00135,2025-03-26,delivered,2995.94
O001337,C00386,2025-09-30,delivered,1594.06
O001338,C00167,2025-05-10,delivered,3104.93
O001339,C00451,2025-02-09,delivered,7312.93
O001340,C00482,2025-11-14,shipped,842.05
O001341,C00151,2025-11-27,delivered,4032.74
O001342,C00182,2025-01-07,delivered,91.82
O001343,C00424,2025-01-22,delivered,1918.74
O001344,C00320,2025-04-28,delivered,2802.75
O001345,C00447,2025-07-22,delivered,1564.25
O001346,C00423,2025-09-30,delivered,2886.83
O001347,C00330,2025-11-02,delivered,3499.94
O001348,C00162,2025-09-04,delivered,478.73
O001349,C00046,2025-11-03,delivered,12389.47
O001350,C00331,2025-12-04,delivered,979.76
O001351,C00265,2025-09-21,processing,3300.52
O001352,C00033,2025-12-21,delivered,2933.08
O001353,C00152,2025-04-07,delivered,511.12
O001354,C00333,2025-05-05,delivered,739.96
O001355,C00401,2025-10-09,delivered,1789.19
O001356,C00102,2025-01-09,delivered,3429.92
O001357,C00200,2025-08-05,delivered,2641.92
O001358,C00445,2025-02-14,shipped,1183.99
O001359,C00317,2025-08-29,delivered,2840.2
O001360,C00281,2025-04-14,delivered,2960.92
O001361,C00008,2025-09-28,delivered,4955.52
O001362,C00186,2025-08-21,processing,4773.56
O001363,C00008,2025-06-04,cancelled,876.05
O001364,C00402,2025-08-25,delivered,1743.33
O001365,C00039,2025-02-19,delivered,874.61
O001366,C00073,2025-11-05,cancelled,3642.93
O001367,C00422,2025-10-11,delivered,4487.52
O001368,C00426,2025-01-01,shipped,136.81
O001369,C00474,2025-12-27,processing,12429.29
O001370,C00030,2025-02-15,delivered,6965.84
O001371,C00483,2025-10-05,processing,4479.09
O001372,C00092,2025-08-26,processing,412.48
O001373,C00042,2025-01-23,shipped,523.08
O001374,C00237,2025-02-06,shipped,4637.68
O001375,C00365,2025-06-17,delivered,7401.01
O001376,C00440,2025-07-31,delivered,2570.82
O001377,C00413,2025-06-09,shipped,948.9
O001378,C00171,2025-01-24,delivered,8568.61
O001379,C00442,2025-05-20,cancelled,15226.93
O001380,C00117,2025-07-15,processing,10782.7
O001381,C00318,2025-06-21,delivered,11512.49
O001382,C00022,2025-09-10,delivered,1307.4
O001383,C00308,2025-12-18,delivered,1810.18
O001384,C00162,2025-05-18,delivered,215.61
O001385,C00225,2025-06-10,shipped,6509.65
O001386,C00442,2025-04-04,processing,1694.68
O001387,C00392,2025-08-15,shipped,3005.92
O001388,C00342,2025-02-03,delivered,1737.38
O001389,C00220,2025-01-24,delivered,4087.22
O001390,C00184,2025-06-27,shipped,576.51
O001391,C00209,2025-09-07,delivered,709.76
O001392,C00280,2025-07-18,shipped,2274.22
O001393,C00358,2025-07-11,processing,1784.85
O001394,C00168,2025-01-05,delivered,622.0
O001395,C00131,2025-04-05,delivered,1003.2
O001396,C00008,2025-01-17,delivered,2668.12
O001397,C00113,2025-03-11,delivered,521.84
O001398,C00387,2025-10-16,delivered,11704.95
O001399,C00005,2025-12-22,delivered,12965.44
O001400,C00411,2025-06-26,processing,2479.27
O001401,C00408,2025-11-08,shipped,779.46
O001402,C00003,2025-12-18,delivered,400.15
O001403,C00191,2025-06-20,delivered,405.32
O001404,C00499,2025-08-29,delivered,2453.73
O001405,C00396,2025-06-23,processing,4377.63
O001406,C00493,2025-06-09,processing,139.95
O001407,C00001,2025-01-28,delivered,1788.11
O001408,C00130,2025-02-15,delivered,1503.86
O001409,C00065,2025-11-18,shipped,1794.71
O001410,C00068,2025-03-08,shipped,2476.04
O001411,C00130,2025-07-22,delivered,2554.35
O001412,C00236,2025-07-02,delivered,324.15
O001413,C00012,2025-11-30,delivered,1314.46
O001414,C00153,2025-07-13,processing,91.38
O001415,C00484,2025-01-15,delivered,8372.31
O001416,C00208,2025-10-13,processing,1702.22
O001417,C00031,2025-06-05,delivered,3145.77
O001418,C00005,2025-06-04,delivered,12691.37
O001419,C00285,2025-12-23,delivered,965.23
O001420,C00487,2025-12-18,delivered,5143.78
O001421,C00369,2025-05-25,cancelled,390.79
O001422,C00018,2025-12-20,delivered,427.65
O001423,C00015,2025-07-11,cancelled,4125.69
O001424,C00396,2025-11-22,delivered,2409.92
O001425,C00033,2025-08-09,delivered,4286.46
O001426,C00045,2025-06-24,delivered,3114.7
O001427,C00368,2025-10-29,cancelled,4410.38
O001428,C00419,2025-03-01,delivered,681.77
O001429,C00274,2025-11-27,delivered,1596.27
O001430,C00478,2025-03-03,delivered,11907.14
O001431,C00433,2025-12-15,delivered,12847.44
O001432,C00464,2025-08-16,delivered,1771.03
O001433,C00467,2025-02-01,delivered,311.7
O001434,C00225,2025-10-02,delivered,1081.86
O001435,C00159,2025-04-06,delivered,3086.94
O001436,C00471,2025-04-22,shipped,540.74
O001437,C00102,2025-07-13,delivered,4719.12
O001438,C00127,2025-06-26,delivered,1405.46
O001439,C00359,2025-11-12,delivered,2819.25
O001440,C00117,2025-08-05,delivered,1206.94
O001441,C00492,2025-03-03,shipped,6557.05
O001442,C00182,2025-11-27,processing,1036.37
O001443,C00407,2025-11-19,delivered,1669.11
O001444,C00079,2025-03-14,cancelled,1006.04
O001445,C00287,2025-12-10,processing,942.86
O001446,C00030,2025-07-13,delivered,1644.91
O001447,C00438,2025-11-28,delivered,571.32
O001448,C00424,2025-05-01,delivered,2103.95
O001449,C00206,2025-12-05,delivered,1526.82
O001450,C00186,2025-06-13,delivered,928.43
O001451,C00220,2025-05-18,delivered,1734.53
O001452,C00255,2025-07-03,shipped,531.01
O001453,C00087,2025-08-11,cancelled,449.35
O001454,C00339,2025-02-15,delivered,426.64
O001455,C00207,2025-08-25,delivered,3641.61
O001456,C00392,2025-01-15,delivered,2985.42
O001457,C00060,2025-11-05,delivered,4207.23
O001458,C00013,2025-06-28,delivered,2087.11
O001459,C00279,2025-12-07,shipped,2551.67
O001460,C00012,2025-07-28,delivered,4129.26
O001461,C00041,2025-02-26,processing,4403.03
O001462,C00057,2025-03-24,delivered,2622.43
O001463,C00212,2025-12-03,delivered,1045.12
O001464,C00063,2025-07-22,delivered,1552.63
O001465,C00116,2025-10-22,processing,2052.36
O001466,C00479,2025-04-22,cancelled,4239.3
O001467,C00168,2025-06-04,processing,8015.73
O001468,C00155,2025-05-23,delivered,2391.88
O001469,C00399,2025-02-28,delivered,6034.58
O001470,C00041,2025-10-21,delivered,606.1
O001471,C00357,2025-06-17,delivered,777.25
O001472,C00098,2025-07-28,delivered,2070.32
O001473,C00056,2025-01-10,delivered,2746.83
O001474,C00441,2025-05-24,delivered,9638.03
O001475,C00456,2025-05-27,delivered,7941.57
O001476,C00418,2025-10-14,delivered,2083.8
O001477,C00407,2025-04-30,delivered,7102.86
O001478,C00105,2025-01-06,delivered,7503.84
O001479,C00234,2025-07-06,processing,742.53
O001480,C00313,2025-06-27,shipped,4938.0
O001481,C00250,2025-03-29,delivered,451.06
O001482,C00298,2025-01-09,delivered,781.69
O001483,C00133,2025-12-05,processing,2737.91
O001484,C00026,2025-07-17,delivered,945.25
O001485,C00447,2025-02-02,delivered,3682.28
O001486,C00249,2025-05-08,delivered,1578.1
O001487,C00284,2025-08-01,shipped,198.08
O001488,C00423,2025-09-06,delivered,305.79
O001489,C00301,2025-11-14,delivered,3881.51
O001490,C00113,2025-10-13,delivered,1004.04
O001491,C00416,2025-05-14,delivered,10920.45
O001492,C00258,2025-09-23,delivered,2488.01
O001493,C00393,2025-06-10,delivered,3946.2
O001494,C00472,2025-09-12,delivered,4131.53
O001495,C00043,2025-03-14,shipped,3847.05
O001496,C00166,2025-07-30,delivered,2524.72
O001497,C00343,2025-03-20,delivered,465.56
O001498,C00172,2025-12-06,delivered,1016.03
O001499,C00371,2025-02-24,delivered,2718.29
O001500,C00439,2025-03-22,delivered,3215.96
O001501,C00040,2025-07-10,shipped,558.16
O001502,C00214,2025-10-02,delivered,3622.44
O001503,C00407,2025-07-18,delivered,2902.28
O001504,C00223,2025-03-08,delivered,3520.79
O001505,C00157,2025-12-20,delivered,4947.92
O001506,C00242,2025-11-11,delivered,4852.85
O001507,C00217,2025-07-29,delivered,2951.5
O001508,C00279,2025-07-22,delivered,2454.79
O001509,C00126,2025-09-29,processing,466.71
O001510,C00415,2025-11-12,delivered,1812.03
O001511,C00422,2025-08-23,shipped,4063.59
O001512,C00405,2025-04-15,delivered,3499.84
O001513,C00499,2025-02-08,delivered,1744.14
O001514,C00460,2025-04-06,delivered,1041.44
O001515,C00488,2025-09-04,delivered,735.56
O001516,C00298,2025-03-27,delivered,170.72
O001517,C00066,2025-08-28,delivered,3231.18
O001518,C00346,2025-01-09,cancelled,2466.06
O001519,C00446,2025-07-01,delivered,6585.61
O001520,C00167,2025-04-25,delivered,3806.93
O001521,C00303,2025-06-05,delivered,9462.9
O001522,C00142,2025-02-08,cancelled,336.41
O001523,C00484,2025-11-19,delivered,3706.1
O001524,C00168,2025-03-29,delivered,3822.72
O001525,C00205,2025-05-29,delivered,2526.46
O001526,C00267,2025-02-23,shipped,2130.41
O001527,C00341,2025-01-22,delivered,3109.99
O001528,C00444,2025-05-02,delivered,3612.21
O001529,C00467,2025-07-03,delivered,1970.18
O001530,C00341,2025-05-31,delivered,1082.58
O001531,C00061,2025-09-29,delivered,1878.8
O001532,C00308,2025-11-01,processing,2508.88
O001533,C00306,2025-08-12,processing,538.44
O001534,C00121,2025-04-21,processing,4263.85
O001535,C00115,2025-11-04,delivered,312.97
O001536,C00148,2025-06-20,shipped,979.41
O001537,C00095,2025-02-16,processing,189.28
O001538,C00497,2025-08-26,delivered,5110.77
O001539,C00349,2025-06-27,delivered,923.76
O001540,C00437,2025-11-23,delivered,2851.65
O001541,C00448,2025-09-28,shipped,2449.32
O001542,C00434,2025-11-05,delivered,1703.23
O001543,C00330,2025-09-24,processing,1756.83
O001544,C00407,2025-03-31,delivered,19229.82
O001545,C00374,2025-04-26,delivered,482.39
O001546,C00352,2025-09-02,delivered,1329.09
O001547,C00115,2025-04-18,shipped,2769.11
O001548,C00313,2025-10-28,delivered,181.84
O001549,C00117,2025-10-23,delivered,717.63
O001550,C00268,2025-05-29,processing,3732.01
O001551,C00190,2025-08-13,delivered,1116.65
O001552,C00074,2025-02-06,delivered,1213.34
O001553,C00475,2025-06-18,shipped,581.85
O001554,C00054,2025-02-12,delivered,1658.13
O001555,C00042,2025-10-23,delivered,3456.73
O001556,C00054,2025-08-16,delivered,910.75
O001557,C00300,2025-04-17,delivered,940.63
O001558,C00429,2025-12-09,delivered,3114.24
O001559,C00128,2025-09-30,delivered,2486.52
O001560,C00146,2025-06-17,delivered,610.72
O001561,C00195,2025-07-25,delivered,2891.43
O001562,C00385,2025-08-09,delivered,2139.81
O001563,C00450,2025-03-01,delivered,2018.38
O001564,C00438,2025-03-23,delivered,4665.07
O001565,C00458,2025-02-23,delivered,1796.86
O001566,C00252,2025-04-20,delivered,1509.95
O001567,C00133,2025-12-13,delivered,1418.69
O001568,C00109,2025-01-12,delivered,761.43
O001569,C00089,2025-03-30,delivered,2089.64
O001570,C00384,2025-08-21,delivered,5723.71
O001571,C00157,2025-04-17,delivered,504.74
O001572,C00383,2025-07-03,cancelled,962.16
O001573,C00120,2025-01-05,delivered,281.39
O001574,C00096,2025-10-07,delivered,1285.39
O001575,C00446,2025-04-30,processing,395.82
O001576,C00138,2025-05-24,delivered,414.95
O001577,C00290,2025-04-21,delivered,2049.71
O001578,C00385,2025-05-22,delivered,7061.12
O001579,C00074,2025-04-05,delivered,835.61
O001580,C00196,2025-09-27,delivered,6082.65
O001581,C00458,2025-08-01,shipped,687.2
O001582,C00174,2025-08-27,delivered,2773.09
O001583,C00237,2025-02-15,delivered,326.12
O001584,C00277,2025-07-14,delivered,12667.27
O001585,C00057,2025-10-19,delivered,495.38
O001586,C00209,2025-01-28,cancelled,473.56
O001587,C00332,2025-07-23,delivered,4138.33
O001588,C00380,2025-08-17,shipped,3307.5
O001589,C00419,2025-06-03,shipped,416.78
O001590,C00355,2025-07-03,delivered,2885.39
O001591,C00413,2025-08-09,delivered,1581.58
O001592,C00465,2025-01-05,delivered,1635.28
O001593,C00017,2025-09-09,delivered,711.12
O001594,C00312,2025-11-17,delivered,1048.68
O001595,C00259,2025-03-22,delivered,11273.06
O001596,C00463,2025-06-18,delivered,2904.24
O001597,C00366,2025-07-26,delivered,351.03
O001598,C00130,2025-03-02,delivered,879.11
O001599,C00121,2025-03-13,delivered,1405.78
O001600,C00005,2025-10-05,shipped,961.17
O001601,C00113,2025-05-08,delivered,218.01
O001602,C00268,2025-02-13,delivered,4272.12
O001603,C00435,2025-12-07,delivered,1679.5
O001604,C00298,2025-12-27,delivered,15203.33
O001605,C00335,2025-04-24,delivered,7236.68
O001606,C00240,2025-04-27,shipped,6993.27
O001607,C00287,2025-03-13,delivered,1456.24
O001608,C00444,2025-07-23,delivered,2523.08
O001609,C00219,2025-07-29,delivered,150.57
O001610,C00016,2025-02-15,shipped,1237.33
O001611,C00065,2025-01-16,delivered,3744.05
O001612,C00196,2025-01-24,cancelled,1193.86
O001613,C00122,2025-01-04,delivered,506.69
O001614,C00252,2025-07-29,delivered,1085.8
O001615,C00232,2025-01-02,delivered,2922.84
O001616,C00280,2025-08-15,delivered,1287.92
O001617,C00500,2025-02-25,shipped,1708.04
O001618,C00215,2025-07-13,delivered,7406.67
O001619,C00130,2025-11-06,shipped,5379.81
O001620,C00064,2025-02-21,delivered,13305.18
O001621,C00448,2025-09-15,shipped,1017.13
O001622,C00012,2025-07-27,delivered,956.87
O001623,C00047,2025-03-24,shipped,1156.55
O001624,C00422,2025-05-03,delivered,644.35
O001625,C00030,2025-04-14,delivered,827.07
O001626,C00481,2025-01-07,delivered,2988.33
O001627,C00390,2025-07-01,delivered,367.7
O001628,C00326,2025-08-27,processing,991.48
O001629,C00242,2025-03-27,delivered,9134.58
O001630,C00316,2025-08-29,cancelled,1407.57
O001631,C00247,2025-09-09,shipped,676.59
O001632,C00094,2025-05-27,delivered,1693.62
O001633,C00449,2025-07-22,cancelled,714.09
O001634,C00181,2025-08-22,delivered,3169.79
O001635,C00060,2025-07-28,processing,2485.6
O001636,C00081,2025-05-25,processing,355.35
O001637,C00438,2025-05-30,delivered,1515.93
O001638,C00008,2025-06-11,processing,7576.01
O001639,C00369,2025-07-06,shipped,1845.26
O001640,C00142,2025-09-13,delivered,1672.51
O001641,C00173,2025-06-14,shipped,3783.97
O001642,C00414,2025-02-20,delivered,2050.39
O001643,C00117,2025-07-16,delivered,2032.67
O001644,C00227,2025-02-22,delivered,1925.73
O001645,C00329,2025-04-28,delivered,577.97
O001646,C00009,2025-04-06,processing,905.81
O001647,C00133,2025-07-21,delivered,8046.76
O001648,C00106,2025-03-15,delivered,253.87
O001649,C00373,2025-10-08,cancelled,5044.1
O001650,C00471,2025-09-25,cancelled,7748.48
O001651,C00269,2025-11-06,shipped,2288.77
O001652,C00231,2025-01-30,shipped,2616.41
O001653,C00429,2025-03-08,delivered,4009.67
O001654,C00039,2025-08-26,processing,2799.66
O001655,C00284,2025-04-30,delivered,694.37
O001656,C00016,2025-04-03,shipped,280.88
O001657,C00254,2025-02-09,delivered,198.38
O001658,C00413,2025-02-11,delivered,1116.81
O001659,C00095,2025-07-31,processing,1042.97
O001660,C00289,2025-05-23,shipped,2653.89
O001661,C00358,2025-11-06,delivered,466.93
O001662,C00199,2025-04-24,delivered,573.93
O001663,C00426,2025-08-09,shipped,13932.13
O001664,C00232,2025-01-01,delivered,2524.43
O001665,C00024,2025-03-26,delivered,215.07
O001666,C00017,2025-05-24,delivered,755.72
O001667,C00127,2025-04-16,delivered,795.63
O001668,C00499,2025-01-31,delivered,636.19
O001669,C00259,2025-10-11,shipped,3900.98
O001670,C00219,2025-03-09,delivered,2829.51
O001671,C00065,2025-05-18,shipped,9570.54
O001672,C00307,2025-07-21,delivered,445.6
O001673,C00159,2025-10-29,delivered,2767.57
O001674,C00176,2025-11-15,cancelled,685.28
O001675,C00118,2025-02-21,delivered,726.39
O001676,C00437,2025-09-18,delivered,1905.95
O001677,C00448,2025-03-12,delivered,7558.39
O001678,C00139,2025-04-18,shipped,635.2
O001679,C00470,2025-10-30,delivered,1289.85
O001680,C00498,2025-02-17,delivered,1530.37
O001681,C00475,2025-01-04,delivered,2300.98
O001682,C00447,2025-11-13,cancelled,2968.02
O001683,C00258,2025-07-03,shipped,2410.02
O001684,C00404,2025-03-30,delivered,3293.03
O001685,C00403,2025-10-27,delivered,3959.1
O001686,C00388,2025-06-03,delivered,4506.48
O001687,C00006,2025-01-07,delivered,9150.66
O001688,C00245,2025-05-26,delivered,548.71
O001689,C00113,2025-05-06,delivered,7102.53
O001690,C00437,2025-01-03,delivered,11858.87
O001691,C00067,2025-07-20,delivered,2749.82
O001692,C00057,2025-04-16,cancelled,1406.33
O001693,C00154,2025-03-12,processing,1943.76
O001694,C00469,2025-04-11,delivered,3609.91
O001695,C00500,2025-01-24,shipped,1405.84
O001696,C00094,2025-01-22,processing,2609.57
O001697,C00101,2025-09-14,processing,2613.94
O001698,C00287,2025-10-18,delivered,10899.41
O001699,C00380,2025-05-18,delivered,1424.11
O001700,C00332,2025-11-22,delivered,360.17
O001701,C00109,2025-08-23,delivered,1451.44
O001702,C00474,2025-02-04,delivered,1558.98
O001703,C00086,2025-10-23,processing,579.95
O001704,C00431,2025-10-15,delivered,1419.29
O001705,C00261,2025-05-06,delivered,1813.06
O001706,C00329,2025-05-24,shipped,600.77
O001707,C00112,2025-09-15,shipped,912.97
O001708,C00349,2025-03-28,delivered,1932.84
O001709,C00234,2025-01-31,delivered,2615.51
O001710,C00477,2025-12-13,processing,1524.1
O001711,C00291,2025-10-02,processing,4202.24
O001712,C00135,2025-03-29,delivered,11951.1
O001713,C00155,2025-12-18,cancelled,316.29
O001714,C00014,2025-07-14,delivered,1036.93
O001715,C00133,2025-11-07,delivered,1561.1
O001716,C00372,2025-10-03,delivered,6215.0
O001717,C00195,2025-11-30,processing,477.12
O001718,C00244,2025-01-28,processing,1023.59
O001719,C00328,2025-02-03,delivered,19899.25
O001720,C00076,2025-09-22,delivered,4217.2
O001721,C00308,2025-07-17,processing,673.17
O001722,C00320,2025-03-03,delivered,1250.51
O001723,C00412,2025-11-01,delivered,3031.37
O001724,C00006,2025-06-01,shipped,1287.92
O001725,C00490,2025-04-25,delivered,3315.15
O001726,C00313,2025-07-12,delivered,4441.77
O001727,C00386,2025-02-10,delivered,2599.04
O001728,C00128,2025-09-23,delivered,1762.29
O001729,C00191,2025-10-25,delivered,5426.51
O001730,C00197,2025-08-02,delivered,7362.67
O001731,C00165,2025-10-11,shipped,3693.76
O001732,C00417,2025-05-07,delivered,1256.55
O001733,C00460,2025-02-04,delivered,1091.35
O001734,C00431,2025-11-12,shipped,314.26
O001735,C00018,2025-05-26,shipped,270.91
O001736,C00078,2025-11-22,processing,3793.13
O001737,C00318,2025-12-30,delivered,483.59
O001738,C00292,2025-09-06,cancelled,2769.26
O001739,C00274,2025-03-09,processing,949.01
O001740,C00316,2025-07-29,delivered,6445.4
O001741,C00084,2025-06-12,delivered,722.26
O001742,C00208,2025-02-19,delivered,18928.62
O001743,C00171,2025-11-15,shipped,2093.1
O001744,C00021,2025-04-08,delivered,343.84
O001745,C00139,2025-09-10,delivered,1878.13
O001746,C00242,2025-11-19,delivered,1033.08
O001747,C00019,2025-11-06,shipped,2723.24
O001748,C00188,2025-05-08,delivered,102.83
O001749,C00026,2025-05-26,delivered,454.44
O001750,C00390,2025-05-08,delivered,3889.95
O001751,C00482,2025-01-21,delivered,5076.89
O001752,C00201,2025-06-14,delivered,930.86
O001753,C00103,2025-01-29,processing,3451.53
O001754,C00087,2025-01-22,cancelled,1928.64
O001755,C00114,2025-02-10,delivered,1906.01
O001756,C00084,2025-07-24,delivered,441.0
O001757,C00409,2025-12-17,delivered,11836.63
O001758,C00187,2025-12-31,delivered,2486.26
O001759,C00317,2025-10-21,delivered,2225.86
O001760,C00128,2025-06-17,shipped,14276.07
O001761,C00465,2025-07-18,delivered,176.06
O001762,C00203,2025-05-03,delivered,941.46
O001763,C00325,2025-08-08,delivered,970.07
O001764,C00023,2025-10-31,delivered,3001.34
O001765,C00081,2025-12-19,delivered,3969.6
O001766,C00442,2025-08-26,delivered,1921.39
O001767,C00116,2025-09-21,delivered,365.18
O001768,C00323,2025-06-29,delivered,1268.13
O001769,C00064,2025-09-10,delivered,351.16
O001770,C00210,2025-02-22,shipped,1182.55
O001771,C00216,2025-07-27,delivered,1938.27
O001772,C00003,2025-02-04,delivered,385.19
O001773,C00270,2025-08-14,delivered,1018.71
O001774,C00375,2025-07-07,delivered,1843.59
O001775,C00494,2025-06-03,processing,3660.98
O001776,C00489,2025-01-04,delivered,12448.28
O001777,C00096,2025-03-25,delivered,5050.74
O001778,C00290,2025-07-27,delivered,11384.95
O001779,C00391,2025-03-25,shipped,3766.5
O001780,C00073,2025-01-24,delivered,3112.72
O001781,C00390,2025-03-31,delivered,5343.77
O001782,C00420,2025-06-14,processing,1016.35
O001783,C00283,2025-04-24,delivered,422.88
O001784,C00345,2025-03-21,delivered,4375.99
O001785,C00206,2025-06-02,shipped,179.96
O001786,C00122,2025-07-13,shipped,7581.24
O001787,C00028,2025-03-09,processing,2884.96
O001788,C00475,2025-08-09,processing,93.61
O001789,C00261,2025-12-06,cancelled,1272.98
O001790,C00358,2025-10-20,delivered,2832.47
O001791,C00161,2025-01-08,processing,7085.5
O001792,C00132,2025-07-15,delivered,10679.71
O001793,C00444,2025-02-23,delivered,2289.83
O001794,C00466,2025-04-09,shipped,1064.47
O001795,C00434,2025-09-20,shipped,663.92
O001796,C00337,2025-10-07,cancelled,2511.19
O001797,C00157,2025-08-28,shipped,3062.88
O001798,C00439,2025-11-14,processing,4813.18
O001799,C00462,2025-06-13,shipped,1796.09
O001800,C00003,2025-01-04,delivered,2899.51
O000059,C00233,2025-11-25,delivered,11741.86
O000979,C00003,2025-05-04,delivered,689.02
O001553,C00475,2025-06-18,shipped,581.85
O000636,C00154,2025-09-05,delivered,2457.96
O000373,C00226,2025-02-05,delivered,11708.97
O001674,C00176,2025-11-15,cancelled,685.28
O001268,C00461,2025-12-03,delivered,2898.95
O000411,C00134,2025-07-09,delivered,650.53
O000883,C00388,2025-08-26,delivered,10694.01
O001638,C00008,2025-06-11,processing,7576.01
