payment_id,order_id,payment_type,payment_installments,payment_value
PAY000001,O000001,debit_card,12,1981.3
PAY000002,O000002,credit_card,2,881.79
PAY000003,O000003,boleto,1,11074.68
PAY000004,O000004,debit_card,2,976.26
PAY000005,O000005,boleto,3,1664.67
PAY000006,O000006,credit_card,2,4290.02
PAY000007,O000007,pix,1,1890.61
PAY000008,O000008,boleto,1,2948.15
PAY000009,O000009,debit_card,1,1469.51
PAY000010,O000010,debit_card,3,2373.6
PAY000011,O000011,boleto,12,-50.0
PAY000012,O000012,debit_card,1,972.24
PAY000013,O000013,boleto,12,1398.32
PAY000014,O000014,debit_card,2,476.39
PAY000015,O000015,credit_card,1,11985.38
PAY000016,O000016,debit_card,1,421.2
PAY000017,O000017,pix,12,3455.56
PAY000018,O000018,pix,3,95.02
PAY000019,O000019,credit_card,1,287.97
PAY000020,O000020,debit_card,1,5825.37
PAY000021,O000021,boleto,1,2042.48
PAY000022,O000022,credit_card,12,2784.53
PAY000023,O000023,credit_card,6,6071.32
PAY000024,O000024,debit_card,1,7888.05
PAY000025,O000025,debit_card,1,2677.26
PAY000026,O000026,boleto,6,3094.53
PAY000027,O000027,pix,1,8878.69
PAY000028,O000028,credit_card,3,4759.06
PAY000029,O000029,boleto,6,2278.47
PAY000030,O000030,credit_card,12,1384.0
PAY000031,O000031,PIX,6,1509.36
PAY000032,O000032,debit_card,12,1657.69
PAY000033,O000033,debit_card,3,1979.63
PAY000034,O000034,debit_card,2,308.33
PAY000035,O000035,pix,1,1133.44
PAY000036,O000036,boleto,1,2205.91
PAY000037,O000037,pix,1,509.08
PAY000038,O000038,debit_card,3,2481.11
PAY000039,O000039,debit_card,2,1638.45
PAY000040,O000040,pix,12,1030.19
PAY000041,O000041,pix,12,1782.29
PAY000042,O000042,credit_card,2,1893.0
PAY000043,O000043,boleto,3,4191.22
PAY000044,O000044,debit_card,3,3794.23
PAY000045,O000045,boleto,3,146.72
PAY000046,O000046,debit_card,3,735.06
PAY000047,O000047,boleto,3,1275.99
PAY000048,O000048,debit_card,1,3652.59
PAY000049,O000049,debit_card,1,2350.85
PAY000050,O000050,pix,2,6738.98
PAY000051,O000051,boleto,3,6201.36
PAY000052,O000052,debit_card,1,9233.86
PAY000053,O000053,credit_card,1,2580.55
PAY000054,O000054,pix,6,3279.46
PAY000055,O000055,pix,12,962.67
PAY000056,O000056,pix,3,102.94
PAY000057,O000057,pix,6,629.82
PAY000058,O000058,boleto,1,497.31
PAY000059,O000059,boleto,3,11741.86
PAY000060,O000060,boleto,1,1576.85
PAY000061,O000061,credit_card,6,622.92
PAY000062,O000062,debit_card,6,1141.2
PAY000063,O000063,credit_card,1,1641.52
PAY000064,O000064,pix,6,7961.59
PAY000065,O000065,pix,3,3570.98
PAY000066,O000066,credit_card,2,760.73
PAY000067,O000067,debit_card,2,1312.5
PAY000068,O000068,pix,12,2194.57
PAY000069,O000069,debit_card,3,2541.62
PAY000070,O000070,credit_card,1,148.29
PAY000071,O000071,boleto,3,1217.44
PAY000072,O000072,credit_card,3,7262.5
PAY000073,O000073,debit_card,12,1506.82
PAY000074,O000074,debit_card,3,7991.15
PAY000075,O000075,credit_card,12,1765.04
PAY000076,O000076,pix,6,1054.59
PAY000077,O000077,boleto,1,2494.72
PAY000078,O000078,credit_card,1,1555.92
PAY000079,O000079,debit_card,2,13711.91
PAY000080,O000080,pix,1,10185.91
PAY000081,O000081,boleto,3,3113.54
PAY000082,O000082,debit_card,2,946.94
PAY000083,O000083,credit_card,2,469.13
PAY000084,O000084,debit_card,12,980.71
PAY000085,O000085,debit_card,1,94.5
PAY000086,O000086,credit_card,1,3765.5
PAY000087,O000087,credit_card,1,5036.19
PAY000088,O000088,debit_card,1,2268.27
PAY000089,O000089,debit_card,1,613.71
PAY000090,O000090,credit_card,1,1422.97
PAY000091,O000091,pix,6,3418.09
PAY000092,O000092,pix,6,14401.83
PAY000093,O000093,debit_card,12,7913.85
PAY000094,O000094,boleto,6,8373.54
PAY000095,O000095,pix,6,857.39
PAY000096,O000096,pix,6,1173.36
PAY000097,O000097,pix,6,3265.69
PAY000098,O000098,debit_card,12,2174.23
PAY000099,O000099,pix,2,944.12
PAY000100,O000100,pix,1,1693.88
PAY000101,O000101,credit_card,1,3167.74
PAY000102,O000102,debit_card,1,8281.51
PAY000103,O000103,debit_card,2,762.38
PAY000104,O000104,credit_card,1,2261.43
PAY000105,O000105,boleto,3,4260.79
PAY000106,O000106,debit_card,1,4323.62
PAY000107,O000107,boleto,1,1679.78
PAY000108,O000108,boleto,1,2007.97
PAY000109,O000109,debit_card,3,4429.67
PAY000110,O000110,credit_card,12,490.8
PAY000111,O000111,boleto,3,1027.58
PAY000112,O000112,boleto,12,965.13
PAY000113,O000113,pix,3,902.41
PAY000114,O000114,credit_card,12,2888.37
PAY000115,O000115,pix,3,1837.9
PAY000116,O000116,debit_card,1,2852.98
PAY000117,O000117,pix,6,281.95
PAY000118,O000118,pix,2,1737.46
PAY000119,O000119,pix,3,277.87
PAY000120,O000120,credit_card,1,1509.0
PAY000121,O000121,pix,2,556.34
PAY000122,O000122,pix,12,591.83
PAY000123,O000123,boleto,12,11454.45
PAY000124,O000124,credit_card,1,4441.35
PAY000125,O000125,debit_card,1,277.73
PAY000126,O000126,debit_card,2,2880.57
PAY000127,O000127,debit_card,3,766.34
PAY000128,O000128,pix,1,376.35
PAY000129,O000129,pix,1,1092.93
PAY000130,O000130,boleto,1,7032.01
PAY000131,O000131,credit_card,2,933.87
PAY000132,O000132,debit_card,1,13328.58
PAY000133,O000133,debit_card,1,2200.77
PAY000134,O000134,debit_card,1,3658.33
PAY000135,O000135,debit_card,12,2532.68
PAY000136,O000136,credit_card,1,3518.23
PAY000137,O000137,pix,12,1121.05
PAY000138,O000138,pix,1,3576.46
PAY000139,O000139,debit_card,1,1199.63
PAY000140,O000140,credit_card,1,1519.86
PAY000141,O000141,pix,1,2070.23
PAY000142,O000142,pix,1,298.35
PAY000143,O000143,credit_card,1,1516.66
PAY000144,O000144,credit_card,2,884.67
PAY000145,O000145,pix,6,399.13
PAY000146,O000146,debit_card,1,17501.61
PAY000147,O000147,pix,1,5275.86
PAY000148,O000148,boleto,12,1499.34
PAY000149,O000149,pix,3,435.59
PAY000150,O000150,boleto,6,15340.38
PAY000151,O000151,boleto,6,966.6
PAY000152,O000152,pix,6,1668.94
PAY000153,O000153,pix,1,5494.28
PAY000154,O000154,credit_card,1,9474.59
PAY000155,O000155,boleto,2,277.2
PAY000156,O000156,credit_card,2,939.57
PAY000157,O000157,credit_card,1,6097.44
PAY000158,O000158,pix,6,161.53
PAY000159,O000159,credit_card,2,2912.02
PAY000160,O000160,debit_card,3,15144.08
PAY000161,O000161,boleto,1,2975.61
PAY000162,O000162,pix,12,2371.45
PAY000163,O000163,debit_card,12,318.28
PAY000164,O000164,pix,1,1537.39
PAY000165,O000165,debit_card,1,234.87
PAY000166,O000166,credit_card,12,760.34
PAY000167,O000167,boleto,2,14257.65
PAY000168,O000168,boleto,1,10668.07
PAY000169,O000169,boleto,1,846.29
PAY000170,O000170,debit_card,6,3789.29
PAY000171,O000171,debit_card,1,456.47
PAY000172,O000172,pix,1,3735.78
PAY000173,O000173,pix,1,621.74
PAY000174,O000174,pix,12,9785.67
PAY000175,O000175,pix,6,1274.88
PAY000176,O000176,debit_card,2,902.72
PAY000177,O000177,boleto,3,1649.05
PAY000178,O000178,boleto,1,4306.93
PAY000179,O000179,boleto,6,264.53
PAY000180,O000180,pix,6,3461.75
PAY000181,O000181,pix,6,1750.11
PAY000182,O000182,boleto,2,2355.58
PAY000183,O000183,debit_card,3,499.95
PAY000184,O000184,pix,12,8238.85
PAY000185,O000185,pix,2,1257.13
PAY000186,O000186,credit_card,6,4215.79
PAY000187,O000187,boleto,2,1470.68
PAY000188,O000188,pix,1,1380.5
PAY000189,O000189,credit_card,3,716.57
PAY000190,O000190,debit_card,1,884.92
PAY000191,O000191,boleto,3,839.81
PAY000192,O000192,credit_card,12,1385.04
PAY000193,O000193,credit_card,3,463.82
PAY000194,O000194,boleto,6,2363.26
PAY000195,O000195,credit_card,1,2406.53
PAY000196,O000196,credit_card,1,10768.18
PAY000197,O000197,pix,1,2849.92
PAY000198,O000198,debit_card,2,16810.22
PAY000199,O000199,credit_card,2,4635.87
PAY000200,O000200,debit_card,1,4224.29
PAY000201,O000201,debit_card,12,1542.69
PAY000202,O000202,boleto,3,1295.37
PAY000203,O000203,credit_card,12,6719.12
PAY000204,O000204,debit_card,1,578.81
PAY000205,O000205,pix,6,188.43
PAY000206,O000206,debit_card,2,305.02
PAY000207,O000207,debit_card,3,2330.86
PAY000208,O000208,debit_card,2,896.52
PAY000209,O000209,boleto,6,4183.51
PAY000210,O000210,pix,3,1427.5
PAY000211,O000211,debit_card,6,896.17
PAY000212,O000212,credit_card,6,12258.43
PAY000213,O000213,pix,6,1656.71
PAY000214,O000214,boleto,1,5493.64
PAY000215,O000215,pix,6,3329.07
PAY000216,O000216,boleto,2,4593.0
PAY000217,O000217,pix,3,602.85
PAY000218,O000218,boleto,2,2637.23
PAY000219,O000219,boleto,1,488.03
PAY000220,O000220,pix,12,2106.08
PAY000221,O000221,debit_card,12,948.93
PAY000222,O000222,pix,1,8229.39
PAY000223,O000223,credit_card,1,3423.7
PAY000224,O000224,credit_card,2,351.27
PAY000225,O000225,credit_card,1,2054.99
PAY000226,O000226,boleto,1,565.76
PAY000227,O000227,credit_card,12,6882.03
PAY000228,O000228,pix,6,170.93
PAY000229,O000229,boleto,6,1037.67
PAY000230,O000230,boleto,1,10692.49
PAY000231,O000231,credit_card,6,2549.93
PAY000232,O000232,pix,1,264.58
PAY000233,O000233,credit_card,6,10485.59
PAY000234,O000234,debit_card,1,4902.99
PAY000235,O000235,boleto,2,3850.09
PAY000236,O000236,boleto,12,276.01
PAY000237,O000237,debit_card,1,3685.39
PAY000238,O000238,boleto,1,2898.14
PAY000239,O000239,credit_card,2,743.35
PAY000240,O000240,pix,6,1539.79
PAY000241,O000241,credit_card,6,1514.61
PAY000242,O000242,debit_card,1,988.37
PAY000243,O000243,credit_card,1,1449.84
PAY000244,O000244,pix,3,932.88
PAY000245,O000245,credit_card,1,299.9
PAY000246,O000246,debit_card,1,308.64
PAY000247,O000247,credit_card,1,3679.7
PAY000248,O000248,debit_card,6,1215.03
PAY000249,O000249,debit_card,1,11137.73
PAY000250,O000250,pix,1,2550.38
PAY000251,O000251,debit_card,3,1242.46
PAY000252,O000252,boleto,6,3352.99
PAY000253,O000253,credit_card,12,1522.78
PAY000254,O000254,credit_card,1,882.23
PAY000255,O000255,pix,2,4358.5
PAY000256,O000256,boleto,6,12102.93
PAY000257,O000257,debit_card,1,1103.84
PAY000258,O000258,credit_card,6,994.58
PAY000259,O000259,credit_card,3,2873.06
PAY000260,O000260,pix,12,4946.72
PAY000261,O000261,debit_card,3,1014.61
PAY000262,O000262,pix,1,3627.22
PAY000263,O000263,pix,2,1071.87
PAY000264,O000264,boleto,1,4128.93
PAY000265,O000265,debit_card,1,3278.65
PAY000266,O000266,boleto,12,6488.07
PAY000267,O000267,pix,12,2517.92
PAY000268,O000268,boleto,3,761.37
PAY000269,O000269,debit_card,1,11556.11
PAY000270,O000270,credit_card,1,1261.42
PAY000271,O000271,debit_card,2,1824.55
PAY000272,O000272,debit_card,1,953.42
PAY000273,O000273,pix,6,6667.69
PAY000274,O000274,debit_card,12,8025.97
PAY000275,O000275,debit_card,3,562.9
PAY000276,O000276,pix,1,1666.37
PAY000277,O000277,pix,1,2878.96
PAY000278,O000278,credit_card,1,3467.31
PAY000279,O000279,credit_card,1,4798.86
PAY000280,O000280,credit_card,1,2353.02
PAY000281,O000281,credit_card,1,11010.08
PAY000282,O000282,credit_card,6,1292.09
PAY000283,O000283,boleto,1,1657.01
PAY000284,O000284,boleto,12,2904.61
PAY000285,O000285,boleto,12,856.99
PAY000286,O000286,boleto,1,417.74
PAY000287,O000287,pix,1,5799.7
PAY000288,O000288,pix,1,3443.35
PAY000289,O000289,pix,1,10811.64
PAY000290,O000290,credit_card,1,12942.28
PAY000291,O000291,debit_card,12,1367.94
PAY000292,O000292,debit_card,1,1626.75
PAY000293,O000293,debit_card,6,4065.89
PAY000294,O000294,debit_card,1,1575.11
PAY000295,O000295,boleto,1,1006.29
PAY000296,O000296,boleto,3,4408.15
PAY000297,O000297,pix,1,1001.18
PAY000298,O000298,debit_card,1,2723.7
PAY000299,O000299,debit_card,1,2363.35
PAY000300,O000300,debit_card,12,823.08
PAY000301,O000301,credit_card,3,668.93
PAY000302,O000302,credit_card,1,14546.29
PAY000303,O000303,boleto,1,295.22
PAY000304,O000304,debit_card,3,329.15
PAY000305,O000305,pix,3,12183.5
PAY000306,O000306,boleto,3,2589.75
PAY000307,O000307,boleto,1,1009.35
PAY000308,O000308,credit_card,1,5605.38
PAY000309,O000309,pix,3,3255.44
PAY000310,O000310,boleto,12,2064.61
PAY000311,O000311,pix,2,4936.98
PAY000312,O000312,boleto,6,1397.77
PAY000313,O000313,pix,6,10508.8
PAY000314,O000314,boleto,3,1181.11
PAY000315,O000315,debit_card,6,1979.27
PAY000316,O000316,debit_card,12,19500.61
PAY000317,O000317,credit_card,3,2993.88
PAY000318,O000318,debit_card,6,100.27
PAY000319,O000319,boleto,12,6857.06
PAY000320,O000320,pix,2,1446.21
PAY000321,O000321,pix,6,525.41
PAY000322,O000322,pix,1,1799.2
PAY000323,O000323,debit_card,1,836.62
PAY000324,O000324,credit_card,3,2198.28
PAY000325,O000325,boleto,1,3498.12
PAY000326,O000326,pix,2,941.84
PAY000327,O000327,debit_card,12,289.18
PAY000328,O000328,boleto,1,166.3
PAY000329,O000329,debit_card,6,1643.85
PAY000330,O000330,debit_card,2,2424.61
PAY000331,O000331,credit_card,6,491.96
PAY000332,O000332,credit_card,1,4726.13
PAY000333,O000333,boleto,6,86.85
PAY000334,O000334,debit_card,6,2358.0
PAY000335,O000335,credit_card,1,3796.48
PAY000336,O000336,boleto,6,3812.49
PAY000337,O000337,credit_card,12,1437.88
PAY000338,O000338,pix,1,1951.03
PAY000339,O000339,credit_card,1,933.57
PAY000340,O000340,debit_card,6,2166.49
PAY000341,O000341,boleto,3,1743.31
PAY000342,O000342,debit_card,3,5311.0
PAY000343,O000343,credit_card,12,954.37
PAY000344,O000344,boleto,12,3377.69
PAY000345,O000345,debit_card,12,873.16
PAY000346,O000346,credit_card,12,2397.49
PAY000347,O000347,pix,1,9309.01
PAY000348,O000348,debit_card,1,2220.36
PAY000349,O000349,credit_card,12,323.13
PAY000350,O000350,debit_card,6,14412.23
PAY000351,O000351,pix,12,1029.59
PAY000352,O000352,boleto,1,2872.89
PAY000353,O000353,debit_card,3,2529.55
PAY000354,O000354,pix,1,8337.56
PAY000355,O000355,debit_card,12,896.15
PAY000356,O000356,boleto,2,1735.06
PAY000357,O000357,boleto,1,448.2
PAY000358,O000358,boleto,2,10555.16
PAY000359,O000359,credit_card,6,943.19
PAY000360,O000360,debit_card,1,2869.65
PAY000361,O000361,boleto,1,629.62
PAY000362,O000362,credit_card,1,743.03
PAY000363,O000363,boleto,1,170.88
PAY000364,O000364,debit_card,1,1099.87
PAY000365,O000365,pix,12,812.12
PAY000366,O000366,credit_card,6,970.37
PAY000367,O000367,credit_card,1,4655.43
PAY000368,O000368,boleto,1,3763.88
PAY000369,O000369,credit_card,1,1519.53
PAY000370,O000370,credit_card,1,5920.26
PAY000371,O000371,debit_card,1,843.61
PAY000372,O000372,boleto,1,1344.76
PAY000373,O000373,pix,3,11708.97
PAY000374,O000374,credit_card,1,1199.51
PAY000375,O000375,credit_card,2,2198.96
PAY000376,O000376,boleto,1,5905.62
PAY000377,O000377,boleto,2,8919.74
PAY000378,O000378,credit_card,12,15034.44
PAY000379,O000379,pix,6,6004.84
PAY000380,O000380,debit_card,3,618.25
PAY000381,O000381,pix,12,2262.08
PAY000382,O000382,pix,1,476.61
PAY000383,O000383,pix,6,4936.73
PAY000384,O000384,pix,1,2866.13
PAY000385,O000385,boleto,2,3644.61
PAY000386,O000386,credit_card,3,7060.53
PAY000387,O000387,credit_card,3,678.51
PAY000388,O000388,debit_card,12,1051.28
PAY000389,O000389,debit_card,2,3629.57
PAY000390,O000390,debit_card,1,1722.43
PAY000391,O000391,debit_card,1,11942.88
PAY000392,O000392,debit_card,1,670.55
PAY000393,O000393,debit_card,1,94.23
PAY000394,O000394,credit_card,1,494.08
PAY000395,O000395,credit_card,2,2286.84
PAY000396,O000396,pix,1,1452.17
PAY000397,O000397,credit_card,2,328.71
PAY000398,O000398,credit_card,6,366.56
PAY000399,O000399,debit_card,12,1677.36
PAY000400,O000400,credit_card,1,22296.94
PAY000401,O000401,boleto,1,778.42
PAY000402,O000402,credit_card,3,926.57
PAY000403,O000403,boleto,1,2968.03
PAY000404,O000404,boleto,12,6316.19
PAY000405,O000405,debit_card,1,6422.05
PAY000406,O000406,pix,2,17305.09
PAY000407,O000407,pix,12,162.7
PAY000408,O000408,boleto,1,4762.61
PAY000409,O000409,pix,3,6938.1
PAY000410,O000410,pix,2,14654.12
PAY000411,O000411,debit_card,3,650.53
PAY000412,O000412,pix,2,217.03
PAY000413,O000413,credit_card,6,1842.46
PAY000414,O000414,pix,2,368.26
PAY000415,O000415,debit_card,6,1616.81
PAY000416,O000416,boleto,1,11347.71
PAY000417,O000417,debit_card,12,628.77
PAY000418,O000418,debit_card,1,2122.62
PAY000419,O000419,boleto,12,2079.91
PAY000420,O000420,pix,1,13175.61
PAY000421,O000421,debit_card,12,1422.5
PAY000422,O000422,boleto,1,2740.34
PAY000423,O000423,pix,12,13794.92
PAY000424,O000424,boleto,12,671.81
PAY000425,O000425,credit_card,2,2281.59
PAY000426,O000426,boleto,1,739.03
PAY000427,O000427,pix,1,835.35
PAY000428,O000428,debit_card,12,366.13
PAY000429,O000429,debit_card,1,916.47
PAY000430,O000430,pix,12,1388.69
PAY000431,O000431,pix,6,3753.79
PAY000432,O000432,debit_card,1,162.62
PAY000433,O000433,debit_card,1,7673.6
PAY000434,O000434,credit_card,2,4161.34
PAY000435,O000435,debit_card,6,875.25
PAY000436,O000436,pix,1,2762.19
PAY000437,O000437,debit_card,2,1741.99
PAY000438,O000438,debit_card,3,1837.69
PAY000439,O000439,debit_card,12,944.97
PAY000440,O000440,debit_card,2,2755.81
PAY000441,O000441,debit_card,2,8819.53
PAY000442,O000442,credit_card,12,2675.92
PAY000443,O000443,credit_card,6,785.71
PAY000444,O000444,debit_card,3,3015.44
PAY000445,O000445,boleto,1,6548.3
PAY000446,O000446,credit_card,6,2079.24
PAY000447,O000447,boleto,2,2060.75
PAY000448,O000448,debit_card,1,2238.35
PAY000449,O000449,credit_card,6,2990.15
PAY000450,O000450,boleto,2,1315.31
PAY000451,O000451,debit_card,12,10022.7
PAY000452,O000452,debit_card,1,386.22
PAY000453,O000453,credit_card,1,12521.87
PAY000454,O000454,boleto,2,2728.31
PAY000455,O000455,credit_card,1,1039.72
PAY000456,O000456,boleto,1,437.56
PAY000457,O000457,debit_card,1,568.48
PAY000458,O000458,debit_card,1,749.96
PAY000459,O000459,debit_card,12,1368.13
PAY000460,O000460,boleto,2,2389.11
PAY000461,O000461,boleto,3,622.73
PAY000462,O000462,pix,6,733.8
PAY000463,O000463,credit_card,3,2873.31
PAY000464,O000464,pix,1,142.76
PAY000465,O000465,debit_card,1,17606.13
PAY000466,O000466,debit_card,12,1376.08
PAY000467,O000467,boleto,6,2222.19
PAY000468,O000468,credit_card,1,1631.26
PAY000469,O000469,boleto,2,1047.81
PAY000470,O000470,debit_card,1,9774.79
PAY000471,O000471,credit_card,1,2318.61
PAY000472,O000472,debit_card,2,1241.07
PAY000473,O000473,boleto,3,438.04
PAY000474,O000474,credit_card,1,1403.89
PAY000475,O000475,debit_card,12,2148.72
PAY000476,O000476,pix,1,4382.52
PAY000477,O000477,debit_card,1,2402.41
PAY000478,O000478,credit_card,12,2509.15
PAY000479,O000479,debit_card,6,4087.46
PAY000480,O000480,credit_card,12,1294.63
PAY000481,O000481,credit_card,1,565.55
PAY000482,O000482,debit_card,1,3737.69
PAY000483,O000483,credit_card,6,1038.39
PAY000484,O000484,credit_card,1,360.38
PAY000485,O000485,boleto,1,3370.78
PAY000486,O000486,credit_card,1,295.08
PAY000487,O000487,pix,2,1863.09
PAY000488,O000488,pix,1,1409.81
PAY000489,O000489,debit_card,12,443.57
PAY000490,O000490,credit_card,3,6624.51
PAY000491,O000491,debit_card,1,530.76
PAY000492,O000492,boleto,3,11826.84
PAY000493,O000493,boleto,6,2933.97
PAY000494,O000494,debit_card,1,14061.14
PAY000495,O000495,pix,1,1748.34
PAY000496,O000496,credit_card,3,921.06
PAY000497,O000497,credit_card,6,2097.43
PAY000498,O000498,credit_card,12,459.56
PAY000499,O000499,debit_card,6,859.92
PAY000500,O000500,pix,1,5464.57
PAY000501,O000501,boleto,1,10513.22
PAY000502,O000502,pix,2,293.9
PAY000503,O000503,boleto,2,3231.09
PAY000504,O000504,pix,3,3664.71
PAY000505,O000505,pix,3,1161.84
PAY000506,O000506,boleto,6,5187.72
PAY000507,O000507,boleto,1,184.37
PAY000508,O000508,boleto,1,3195.97
PAY000509,O000509,pix,2,2322.36
PAY000510,O000510,pix,3,4997.45
PAY000511,O000511,credit_card,6,910.79
PAY000512,O000512,boleto,3,645.26
PAY000513,O000513,debit_card,1,1728.98
PAY000514,O000514,boleto,3,3499.34
PAY000515,O000515,debit_card,2,7039.14
PAY000516,O000516,credit_card,12,313.95
PAY000517,O000517,pix,12,1984.13
PAY000518,O000518,credit_card,1,982.47
PAY000519,O000519,boleto,1,3198.85
PAY000520,O000520,pix,1,8964.15
PAY000521,O000521,boleto,2,388.08
PAY000522,O000522,credit_card,1,2652.26
PAY000523,O000523,boleto,3,4337.69
PAY000524,O000524,debit_card,3,4513.2
PAY000525,O000525,pix,3,9277.0
PAY000526,O000526,pix,6,2491.95
PAY000527,O000527,debit_card,1,1061.44
PAY000528,O000528,pix,2,1181.29
PAY000529,O000529,boleto,2,2303.73
PAY000530,O000530,pix,6,395.47
PAY000531,O000531,pix,1,10445.29
PAY000532,O000532,pix,6,5717.83
PAY000533,O000533,boleto,6,729.99
PAY000534,O000534,credit_card,6,4035.31
PAY000535,O000535,pix,1,5735.58
PAY000536,O000536,boleto,12,1910.69
PAY000537,O000537,debit_card,12,398.85
PAY000538,O000538,debit_card,1,162.39
PAY000539,O000539,credit_card,6,1130.19
PAY000540,O000540,credit_card,2,3021.76
PAY000541,O000541,pix,3,468.88
PAY000542,O000542,boleto,1,1366.57
PAY000543,O000543,pix,1,1324.71
PAY000544,O000544,pix,12,438.01
PAY000545,O000545,credit_card,2,2444.47
PAY000546,O000546,debit_card,1,1473.98
PAY000547,O000547,credit_card,1,874.32
PAY000548,O000548,pix,1,10214.22
PAY000549,O000549,pix,1,1268.91
PAY000550,O000550,credit_card,12,9387.05
PAY000551,O000551,credit_card,12,2929.93
PAY000552,O000552,debit_card,1,2174.66
PAY000553,O000553,boleto,2,1659.27
PAY000554,O000554,boleto,2,1174.58
PAY000555,O000555,boleto,12,2403.43
PAY000556,O000556,credit_card,1,275.81
PAY000557,O000557,pix,6,1599.41
PAY000558,O000558,pix,12,2617.21
PAY000559,O000559,boleto,12,3170.97
PAY000560,O000560,boleto,1,2388.44
PAY000561,O000561,debit_card,2,3775.26
PAY000562,O000562,credit_card,1,8444.39
PAY000563,O000563,debit_card,2,1278.73
PAY000564,O000564,boleto,3,1214.02
PAY000565,O000565,credit_card,6,14354.34
PAY000566,O000566,pix,6,3816.86
PAY000567,O000567,boleto,6,286.33
PAY000568,O000568,credit_card,3,1009.06
PAY000569,O000569,debit_card,2,2101.06
PAY000570,O000570,debit_card,1,7280.37
PAY000571,O000571,pix,1,1186.59
PAY000572,O000572,debit_card,6,11655.52
PAY000573,O000573,credit_card,1,1779.64
PAY000574,O000574,boleto,12,1142.05
PAY000575,O000575,credit_card,12,556.06
PAY000576,O000576,credit_card,1,903.11
PAY000577,O000577,pix,2,4065.78
PAY000578,O000578,credit_card,3,560.29
PAY000579,O000579,boleto,1,1566.0
PAY000580,O000580,credit_card,1,1103.93
PAY000581,O000581,pix,1,1799.34
PAY000582,O000582,boleto,6,1506.77
PAY000583,O000583,pix,3,4102.78
PAY000584,O000584,pix,1,1550.3
PAY000585,O000585,pix,2,1050.33
PAY000586,O000586,debit_card,3,1874.06
PAY000587,O000587,boleto,2,3405.52
PAY000588,O000588,debit_card,2,11709.48
PAY000589,O000589,debit_card,1,2186.83
PAY000590,O000590,pix,1,5920.6
PAY000591,O000591,credit_card,6,1284.23
PAY000592,O000592,pix,12,537.49
PAY000593,O000593,debit_card,6,2441.93
PAY000594,O000594,pix,3,3709.9
PAY000595,O000595,debit_card,2,4572.91
PAY000596,O000596,pix,2,414.81
PAY000597,O000597,credit_card,1,929.65
PAY000598,O000598,pix,1,2020.5
PAY000599,O000599,credit_card,2,318.16
PAY000600,O000600,pix,1,3052.94
PAY000601,O000601,debit_card,2,4923.22
PAY000602,O000602,pix,12,1594.04
PAY000603,O000603,debit_card,1,143.94
PAY000604,O000604,boleto,1,2850.75
PAY000605,O000605,debit_card,1,1077.74
PAY000606,O000606,debit_card,6,858.66
PAY000607,O000607,boleto,2,1992.65
PAY000608,O000608,pix,3,678.29
PAY000609,O000609,boleto,1,2889.95
PAY000610,O000610,pix,2,8688.18
PAY000611,O000611,pix,12,278.98
PAY000612,O000612,debit_card,1,107.03
PAY000613,O000613,debit_card,2,1832.22
PAY000614,O000614,credit_card,12,8009.99
PAY000615,O000615,pix,6,1718.0
PAY000616,O000616,debit_card,6,194.96
PAY000617,O000617,credit_card,1,1684.48
PAY000618,O000618,credit_card,12,3184.12
PAY000619,O000619,credit_card,12,4503.93
PAY000620,O000620,credit_card,12,2084.5
PAY000621,O000621,credit_card,3,10909.64
PAY000622,O000622,credit_card,3,1029.48
PAY000623,O000623,boleto,6,543.05
PAY000624,O000624,pix,1,2957.83
PAY000625,O000625,credit_card,1,1316.94
PAY000626,O000626,pix,6,2470.26
PAY000627,O000627,boleto,1,10749.9
PAY000628,O000628,credit_card,12,3762.4
PAY000629,O000629,credit_card,1,2051.21
PAY000630,O000630,boleto,6,4777.46
PAY000631,O000631,credit_card,1,8374.98
PAY000632,O000632,pix,3,163.24
PAY000633,O000633,credit_card,3,3094.58
PAY000634,O000634,pix,1,1394.29
PAY000635,O000635,credit_card,1,2153.59
PAY000636,O000636,credit_card,2,2457.96
PAY000637,O000637,boleto,1,2678.29
PAY000638,O000638,pix,2,1703.67
PAY000639,O000639,debit_card,1,3712.27
PAY000640,O000640,pix,1,2536.89
PAY000641,O000641,pix,1,13754.26
PAY000642,O000642,credit_card,2,2013.22
PAY000643,O000643,pix,1,306.95
PAY000644,O000644,pix,1,1144.69
PAY000645,O000645,debit_card,1,449.1
PAY000646,O000646,pix,1,2595.19
PAY000647,O000647,boleto,1,1235.07
PAY000648,O000648,boleto,1,871.51
PAY000649,O000649,boleto,6,193.15
PAY000650,O000650,pix,1,2447.95
PAY000651,O000651,debit_card,12,435.57
PAY000652,O000652,boleto,12,302.83
PAY000653,O000653,pix,3,1367.1
PAY000654,O000654,credit_card,1,4897.15
PAY000655,O000655,boleto,1,21969.84
PAY000656,O000656,boleto,12,12385.16
PAY000657,O000657,boleto,1,750.67
PAY000658,O000658,boleto,1,2374.61
PAY000659,O000659,boleto,12,585.54
PAY000660,O000660,debit_card,1,1124.22
PAY000661,O000661,credit_card,1,4979.95
PAY000662,O000662,credit_card,6,640.56
PAY000663,O000663,credit_card,12,683.56
PAY000664,O000664,credit_card,12,732.15
PAY000665,O000665,credit_card,3,6951.13
PAY000666,O000666,boleto,1,828.41
PAY000667,O000667,debit_card,6,1629.45
PAY000668,O000668,boleto,1,582.68
PAY000669,O000669,boleto,3,10760.45
PAY000670,O000670,boleto,12,371.44
PAY000671,O000671,pix,1,94.89
PAY000672,O000672,debit_card,3,1392.83
PAY000673,O000673,pix,2,4832.84
PAY000674,O000674,debit_card,1,479.69
PAY000675,O000675,debit_card,1,1943.48
PAY000676,O000676,debit_card,1,353.97
PAY000677,O000677,credit_card,1,1610.82
PAY000678,O000678,pix,2,1673.71
PAY000679,O000679,credit_card,3,2357.36
PAY000680,O000680,debit_card,3,1864.56
PAY000681,O000681,pix,2,7786.57
PAY000682,O000682,debit_card,12,178.99
PAY000683,O000683,credit_card,1,6958.96
PAY000684,O000684,debit_card,1,4578.54
PAY000685,O000685,pix,6,4214.47
PAY000686,O000686,debit_card,2,452.28
PAY000687,O000687,pix,12,976.48
PAY000688,O000688,boleto,2,2088.22
PAY000689,O000689,pix,3,4148.83
PAY000690,O000690,credit_card,2,7065.79
PAY000691,O000691,boleto,12,5743.54
PAY000692,O000692,pix,2,566.05
PAY000693,O000693,pix,6,3847.34
PAY000694,O000694,credit_card,1,182.42
PAY000695,O000695,pix,2,1313.91
PAY000696,O000696,debit_card,1,1978.46
PAY000697,O000697,debit_card,12,2785.61
PAY000698,O000698,debit_card,2,8675.14
PAY000699,O000699,boleto,1,8626.91
PAY000700,O000700,credit_card,1,2074.34
PAY000701,O000701,credit_card,1,1295.09
PAY000702,O000702,debit_card,3,2271.64
PAY000703,O000703,boleto,12,3887.55
PAY000704,O000704,debit_card,1,459.52
PAY000705,O000705,credit_card,6,1066.75
PAY000706,O000706,boleto,12,2546.31
PAY000707,O000707,boleto,12,785.9
PAY000708,O000708,credit_card,12,1631.4
PAY000709,O000709,boleto,12,13277.61
PAY000710,O000710,credit_card,3,2666.13
PAY000711,O000711,boleto,1,1414.25
PAY000712,O000712,pix,1,2534.82
PAY000713,O000713,boleto,6,881.34
PAY000714,O000714,credit_card,1,867.93
PAY000715,O000715,credit_card,1,9984.17
PAY000716,O000716,pix,1,1121.14
PAY000717,O000717,debit_card,6,2781.73
PAY000718,O000718,debit_card,2,11040.84
PAY000719,O000719,debit_card,1,1967.9
PAY000720,O000720,boleto,2,2895.55
PAY000721,O000721,boleto,1,584.44
PAY000722,O000722,credit_card,3,1823.7
PAY000723,O000723,debit_card,1,2066.84
PAY000724,O000724,boleto,2,163.5
PAY000725,O000725,debit_card,1,3429.69
PAY000726,O000726,credit_card,12,822.41
PAY000727,O000727,debit_card,12,1733.29
PAY000728,O000728,pix,1,958.48
PAY000729,O000729,credit_card,1,18970.15
PAY000730,O000730,pix,1,1522.64
PAY000731,O000731,boleto,6,2888.17
PAY000732,O000732,credit_card,1,691.74
PAY000733,O000733,credit_card,1,13423.58
PAY000734,O000734,credit_card,6,6037.56
PAY000735,O000735,boleto,1,10400.24
PAY000736,O000736,pix,1,1139.56
PAY000737,O000737,credit_card,3,2279.6
PAY000738,O000738,debit_card,2,561.24
PAY000739,O000739,debit_card,6,11766.14
PAY000740,O000740,pix,1,4335.14
PAY000741,O000741,debit_card,12,1423.08
PAY000742,O000742,pix,12,1493.69
PAY000743,O000743,boleto,6,1569.19
PAY000744,O000744,debit_card,1,2293.61
PAY000745,O000745,debit_card,1,1870.21
PAY000746,O000746,pix,2,881.9
PAY000747,O000747,credit_card,1,1440.59
PAY000748,O000748,credit_card,6,4379.41
PAY000749,O000749,pix,12,971.93
PAY000750,O000750,pix,1,1413.55
PAY000751,O000751,debit_card,6,926.88
PAY000752,O000752,pix,3,2812.1
PAY000753,O000753,debit_card,12,3460.34
PAY000754,O000754,debit_card,6,957.84
PAY000755,O000755,debit_card,1,557.02
PAY000756,O000756,credit_card,1,750.87
PAY000757,O000757,debit_card,1,470.34
PAY000758,O000758,pix,12,195.99
PAY000759,O000759,debit_card,2,2626.54
PAY000760,O000760,boleto,1,4768.52
PAY000761,O000761,debit_card,3,4499.53
PAY000762,O000762,debit_card,2,3082.06
PAY000763,O000763,boleto,3,2214.23
PAY000764,O000764,credit_card,2,85.08
PAY000765,O000765,pix,6,573.38
PAY000766,O000766,debit_card,2,4096.12
PAY000767,O000767,debit_card,12,10574.61
PAY000768,O000768,credit_card,12,964.93
PAY000769,O000769,boleto,3,3640.53
PAY000770,O000770,credit_card,3,1169.98
PAY000771,O000771,boleto,2,2918.32
PAY000772,O000772,boleto,2,914.98
PAY000773,O000773,credit_card,1,1442.7
PAY000774,O000774,boleto,12,11164.88
PAY000775,O000775,credit_card,1,291.51
PAY000776,O000776,boleto,6,217.65
PAY000777,O000777,credit_card,1,1100.83
PAY000778,O000778,boleto,1,4649.26
PAY000779,O000779,pix,2,305.22
PAY000780,O000780,credit_card,1,106.15
PAY000781,O000781,pix,1,556.45
PAY000782,O000782,pix,2,332.42
PAY000783,O000783,pix,3,1230.97
PAY000784,O000784,debit_card,1,1873.77
PAY000785,O000785,pix,6,810.24
PAY000786,O000786,debit_card,1,858.56
PAY000787,O000787,boleto,1,2589.97
PAY000788,O000788,debit_card,12,645.57
PAY000789,O000789,pix,1,1570.91
PAY000790,O000790,boleto,12,1945.95
PAY000791,O000791,boleto,2,1414.03
PAY000792,O000792,boleto,1,668.61
PAY000793,O000793,credit_card,1,2101.97
PAY000794,O000794,credit_card,3,5140.8
PAY000795,O000795,boleto,1,2871.96
PAY000796,O000796,pix,12,1762.42
PAY000797,O000797,credit_card,1,4287.05
PAY000798,O000798,pix,1,3592.65
PAY000799,O000799,credit_card,1,1880.61
PAY000800,O000800,boleto,1,2042.22
PAY000801,O000801,credit_card,2,1387.86
PAY000802,O000802,debit_card,6,4680.88
PAY000803,O000803,credit_card,6,1832.73
PAY000804,O000804,pix,6,1662.9
PAY000805,O000805,boleto,6,3565.39
PAY000806,O000806,debit_card,1,5205.49
PAY000807,O000807,boleto,3,3027.57
PAY000808,O000808,credit_card,1,878.44
PAY000809,O000809,pix,1,1179.62
PAY000810,O000810,credit_card,2,1967.02
PAY000811,O000811,credit_card,1,188.13
PAY000812,O000812,credit_card,6,949.15
PAY000813,O000813,boleto,1,1270.29
PAY000814,O000814,pix,3,405.45
PAY000815,O000815,pix,1,5285.17
PAY000816,O000816,pix,6,2418.24
PAY000817,O000817,debit_card,3,396.98
PAY000818,O000818,debit_card,1,590.15
PAY000819,O000819,debit_card,12,762.25
PAY000820,O000820,boleto,1,1298.26
PAY000821,O000821,credit_card,3,2878.48
PAY000822,O000822,credit_card,12,158.97
PAY000823,O000823,pix,1,988.91
PAY000824,O000824,pix,1,3884.63
PAY000825,O000825,boleto,1,908.28
PAY000826,O000826,boleto,12,2174.68
PAY000827,O000827,credit_card,1,3952.88
PAY000828,O000828,pix,2,3414.48
PAY000829,O000829,credit_card,6,2185.68
PAY000830,O000830,debit_card,3,141.14
PAY000831,O000831,debit_card,12,4145.72
PAY000832,O000832,credit_card,2,3810.03
PAY000833,O000833,credit_card,1,7517.43
PAY000834,O000834,boleto,3,6649.34
PAY000835,O000835,pix,1,478.63
PAY000836,O000836,debit_card,3,5043.7
PAY000837,O000837,boleto,1,2689.54
PAY000838,O000838,credit_card,1,3758.16
PAY000839,O000839,credit_card,12,2404.06
PAY000840,O000840,debit_card,2,1734.93
PAY000841,O000841,debit_card,3,2163.14
PAY000842,O000842,debit_card,1,3036.09
PAY000843,O000843,pix,1,6426.57
PAY000844,O000844,boleto,1,2844.92
PAY000845,O000845,debit_card,2,197.68
PAY000846,O000846,pix,6,920.22
PAY000847,O000847,boleto,1,417.65
PAY000848,O000848,pix,3,1394.51
PAY000849,O000849,debit_card,1,12984.44
PAY000850,O000850,credit_card,1,969.99
PAY000851,O000851,boleto,2,282.96
PAY000852,O000852,boleto,1,1407.61
PAY000853,O000853,debit_card,1,7012.65
PAY000854,O000854,boleto,1,11709.93
PAY000855,O000855,pix,2,1429.66
PAY000856,O000856,pix,1,1678.42
PAY000857,O000857,debit_card,2,2138.23
PAY000858,O000858,debit_card,12,2014.66
PAY000859,O000859,pix,3,3795.54
PAY000860,O000860,pix,1,2350.21
PAY000861,O000861,pix,1,3455.49
PAY000862,O000862,debit_card,6,13006.4
PAY000863,O000863,credit_card,1,12801.07
PAY000864,O000864,pix,1,841.79
PAY000865,O000865,pix,1,757.83
PAY000866,O000866,debit_card,1,3137.68
PAY000867,O000867,credit_card,6,387.61
PAY000868,O000868,debit_card,6,3552.18
PAY000869,O000869,credit_card,12,4027.04
PAY000870,O000870,debit_card,1,3573.96
PAY000871,O000871,boleto,1,2697.09
PAY000872,O000872,debit_card,1,1569.6
PAY000873,O000873,credit_card,1,616.12
PAY000874,O000874,boleto,2,2472.26
PAY000875,O000875,pix,6,1047.87
PAY000876,O000876,credit_card,2,1658.55
PAY000877,O000877,boleto,1,897.96
PAY000878,O000878,pix,6,5603.46
PAY000879,O000879,credit_card,1,1151.51
PAY000880,O000880,credit_card,12,2196.39
PAY000881,O000881,debit_card,3,2661.13
PAY000882,O000882,debit_card,2,2517.85
PAY000883,O000883,debit_card,2,10694.01
PAY000884,O000884,credit_card,1,4600.15
PAY000885,O000885,pix,2,3089.47
PAY000886,O000886,pix,2,3355.25
PAY000887,O000887,debit_card,12,1363.82
PAY000888,O000888,credit_card,1,2896.68
PAY000889,O000889,debit_card,2,2930.46
PAY000890,O000890,debit_card,1,2608.42
PAY000891,O000891,pix,12,1197.68
PAY000892,O000892,boleto,1,1238.48
PAY000893,O000893,boleto,6,2348.51
PAY000894,O000894,boleto,6,16579.69
PAY000895,O000895,credit_card,6,4306.14
PAY000896,O000896,credit_card,12,11509.16
PAY000897,O000897,boleto,3,4285.57
PAY000898,O000898,pix,1,148.3
PAY000899,O000899,boleto,1,843.93
PAY000900,O000900,credit_card,1,100.35
PAY000901,O000901,pix,3,2869.55
PAY000902,O000902,boleto,2,1401.3
PAY000903,O000903,pix,2,1417.53
PAY000904,O000904,credit_card,12,8415.92
PAY000905,O000905,pix,12,1042.19
PAY000906,O000906,boleto,1,1426.59
PAY000907,O000907,credit_card,12,3375.23
PAY000908,O000908,debit_card,12,2012.3
PAY000909,O000909,pix,1,962.67
PAY000910,O000910,boleto,1,2474.75
PAY000911,O000911,boleto,3,10969.38
PAY000912,O000912,credit_card,1,2746.82
PAY000913,O000913,boleto,1,1649.57
PAY000914,O000914,debit_card,12,10312.34
PAY000915,O000915,debit_card,1,292.12
PAY000916,O000916,pix,12,3545.77
PAY000917,O000917,boleto,2,2426.85
PAY000918,O000918,boleto,3,1093.28
PAY000919,O000919,credit_card,12,931.17
PAY000920,O000920,pix,1,390.63
PAY000921,O000921,pix,2,1005.76
PAY000922,O000922,credit_card,1,1176.59
PAY000923,O000923,debit_card,12,3975.75
PAY000924,O000924,debit_card,12,1920.94
PAY000925,O000925,credit_card,1,752.42
PAY000926,O000926,credit_card,1,3274.06
PAY000927,O000927,pix,6,3702.4
PAY000928,O000928,boleto,2,299.75
PAY000929,O000929,credit_card,3,2293.64
PAY000930,O000930,debit_card,2,4044.53
PAY000931,O000931,boleto,1,388.55
PAY000932,O000932,pix,1,1599.01
PAY000933,O000933,credit_card,1,635.93
PAY000934,O000934,boleto,6,1049.92
PAY000935,O000935,pix,1,615.62
PAY000936,O000936,debit_card,2,10796.66
PAY000937,O000937,boleto,12,1339.43
PAY000938,O000938,boleto,1,3003.65
PAY000939,O000939,boleto,3,1673.37
PAY000940,O000940,pix,1,181.22
PAY000941,O000941,pix,1,976.66
PAY000942,O000942,credit_card,1,8659.77
PAY000943,O000943,credit_card,1,739.61
PAY000944,O000944,credit_card,12,11166.57
PAY000945,O000945,boleto,1,1673.15
PAY000946,O000946,credit_card,6,410.94
PAY000947,O000947,credit_card,12,965.22
PAY000948,O000948,debit_card,1,1148.88
PAY000949,O000949,credit_card,3,3062.59
PAY000950,O000950,debit_card,12,145.72
PAY000951,O000951,boleto,1,2337.15
PAY000952,O000952,pix,1,2567.92
PAY000953,O000953,credit_card,6,5488.07
PAY000954,O000954,boleto,12,1533.58
PAY000955,O000955,boleto,12,7572.15
PAY000956,O000956,debit_card,12,3648.06
PAY000957,O000957,pix,2,3218.5
PAY000958,O000958,pix,1,969.63
PAY000959,O000959,debit_card,3,1604.59
PAY000960,O000960,boleto,12,1742.66
PAY000961,O000961,pix,1,1112.11
PAY000962,O000962,credit_card,2,906.07
PAY000963,O000963,boleto,3,6433.55
PAY000964,O000964,debit_card,1,11746.78
PAY000965,O000965,pix,6,2989.36
PAY000966,O000966,debit_card,3,1839.91
PAY000967,O000967,pix,1,6738.52
PAY000968,O000968,credit_card,3,2055.67
PAY000969,O000969,pix,1,2395.26
PAY000970,O000970,credit_card,12,1099.26
PAY000971,O000971,pix,1,916.12
PAY000972,O000972,boleto,1,1097.37
PAY000973,O000973,debit_card,12,7153.67
PAY000974,O000974,credit_card,1,11255.56
PAY000975,O000975,boleto,3,2714.65
PAY000976,O000976,debit_card,6,3073.91
PAY000977,O000977,debit_card,1,1686.65
PAY000978,O000978,credit_card,1,107.9
PAY000979,O000979,boleto,2,689.02
PAY000980,O000980,pix,12,1272.19
PAY000981,O000981,debit_card,1,635.67
PAY000982,O000982,boleto,1,273.81
PAY000983,O000983,credit_card,2,938.14
PAY000984,O000984,credit_card,1,82.41
PAY000985,O000985,boleto,1,1619.75
PAY000986,O000986,boleto,3,7503.07
PAY000987,O000987,boleto,3,1180.36
PAY000988,O000988,pix,1,3778.33
PAY000989,O000989,credit_card,12,1475.02
PAY000990,O000990,debit_card,1,1957.18
PAY000991,O000991,pix,2,1478.44
PAY000992,O000992,pix,1,8407.17
PAY000993,O000993,debit_card,2,731.54
PAY000994,O000994,boleto,2,3516.91
PAY000995,O000995,pix,6,11347.69
PAY000996,O000996,boleto,2,8579.05
PAY000997,O000997,credit_card,1,946.95
PAY000998,O000998,debit_card,2,511.59
PAY000999,O000999,debit_card,6,1138.51
PAY001000,O001000,pix,2,529.96
PAY001001,O001001,pix,2,1520.45
PAY001002,O001002,credit_card,12,741.62
PAY001003,O001003,pix,1,1793.83
PAY001004,O001004,debit_card,2,3022.32
PAY001005,O001005,credit_card,6,3321.46
PAY001006,O001006,pix,2,3005.61
PAY001007,O001007,pix,3,989.9
PAY001008,O001008,boleto,12,942.47
PAY001009,O001009,credit_card,2,2031.5
PAY001010,O001010,pix,2,385.44
PAY001011,O001011,pix,6,10377.16
PAY001012,O001012,boleto,3,3839.57
PAY001013,O001013,boleto,1,1230.18
PAY001014,O001014,debit_card,1,1367.85
PAY001015,O001015,credit_card,3,374.05
PAY001016,O001016,boleto,12,5998.37
PAY001017,O001017,pix,1,8822.27
PAY001018,O001018,pix,1,858.66
PAY001019,O001019,credit_card,1,1637.55
PAY001020,O001020,boleto,6,5384.22
PAY001021,O001021,debit_card,1,1937.63
PAY001022,O001022,debit_card,12,693.93
PAY001023,O001023,pix,2,1138.48
PAY001024,O001024,boleto,1,2866.85
PAY001025,O001025,debit_card,3,3449.69
PAY001026,O001026,boleto,1,3249.02
PAY001027,O001027,credit_card,1,167.09
PAY001028,O001028,debit_card,3,890.3
PAY001029,O001029,credit_card,1,968.34
PAY001030,O001030,credit_card,6,4719.01
PAY001031,O001031,pix,2,104.35
PAY001032,O001032,boleto,1,1420.22
PAY001033,O001033,debit_card,6,1368.37
PAY001034,O001034,boleto,1,167.54
PAY001035,O001035,credit_card,1,2551.5
PAY001036,O001036,boleto,2,1731.04
PAY001037,O001037,pix,2,7199.96
PAY001038,O001038,debit_card,1,3998.41
PAY001039,O001039,boleto,12,3070.76
PAY001040,O001040,pix,12,4944.85
PAY001041,O001041,credit_card,1,4713.63
PAY001042,O001042,debit_card,6,144.01
PAY001043,O001043,credit_card,1,8606.88
PAY001044,O001044,credit_card,1,1130.28
PAY001045,O001045,credit_card,2,2205.85
PAY001046,O001046,boleto,6,721.82
PAY001047,O001047,debit_card,3,1239.14
PAY001048,O001048,debit_card,3,1264.75
PAY001049,O001049,boleto,12,1649.91
PAY001050,O001050,pix,1,2227.24
PAY001051,O001051,pix,12,3905.0
PAY001052,O001052,boleto,2,3030.54
PAY001053,O001053,credit_card,1,4313.39
PAY001054,O001054,credit_card,6,821.26
PAY001055,O001055,boleto,2,1189.47
PAY001056,O001056,debit_card,6,3686.04
PAY001057,O001057,boleto,6,3179.15
PAY001058,O001058,debit_card,1,1507.11
PAY001059,O001059,debit_card,12,4975.81
PAY001060,O001060,debit_card,1,311.79
PAY001061,O001061,credit_card,1,2041.99
PAY001062,O001062,debit_card,12,1247.03
PAY001063,O001063,debit_card,1,754.92
PAY001064,O001064,boleto,2,1592.22
PAY001065,O001065,boleto,3,3883.7
PAY001066,O001066,debit_card,1,806.33
PAY001067,O001067,credit_card,1,428.64
PAY001068,O001068,credit_card,1,271.89
PAY001069,O001069,pix,12,3750.38
PAY001070,O001070,debit_card,12,717.67
PAY001071,O001071,debit_card,2,4058.45
PAY001072,O001072,pix,1,2099.45
PAY001073,O001073,credit_card,6,393.29
PAY001074,O001074,boleto,1,1720.91
PAY001075,O001075,pix,2,3430.74
PAY001076,O001076,boleto,1,4889.43
PAY001077,O001077,pix,12,10364.01
PAY001078,O001078,pix,1,2020.04
PAY001079,O001079,debit_card,3,377.24
PAY001080,O001080,debit_card,1,637.36
PAY001081,O001081,debit_card,6,1677.71
PAY001082,O001082,debit_card,1,12485.19
PAY001083,O001083,boleto,2,469.45
PAY001084,O001084,debit_card,1,2313.45
PAY001085,O001085,debit_card,1,594.01
PAY001086,O001086,debit_card,2,449.82
PAY001087,O001087,debit_card,12,790.61
PAY001088,O001088,debit_card,3,2243.98
PAY001089,O001089,pix,12,1088.18
PAY001090,O001090,pix,6,1632.0
PAY001091,O001091,credit_card,2,1749.23
PAY001092,O001092,boleto,1,756.38
PAY001093,O001093,pix,1,301.16
PAY001094,O001094,boleto,1,847.49
PAY001095,O001095,pix,1,1082.16
PAY001096,O001096,credit_card,1,388.18
PAY001097,O001097,credit_card,2,7450.4
PAY001098,O001098,debit_card,1,1238.38
PAY001099,O001099,boleto,2,3845.7
PAY001100,O001100,boleto,3,4198.29
PAY001101,O001101,credit_card,1,2625.53
PAY001102,O001102,debit_card,6,1469.02
PAY001103,O001103,debit_card,1,8917.23
PAY001104,O001104,credit_card,1,2647.89
PAY001105,O001105,credit_card,2,2828.07
PAY001106,O001106,credit_card,1,1097.71
PAY001107,O001107,pix,1,4572.56
PAY001108,O001108,credit_card,1,1012.74
PAY001109,O001109,boleto,3,1652.73
PAY001110,O001110,boleto,12,4158.66
PAY001111,O001111,boleto,2,772.31
PAY001112,O001112,pix,1,666.79
PAY001113,O001113,debit_card,1,1941.35
PAY001114,O001114,pix,1,1221.97
PAY001115,O001115,debit_card,2,4247.85
PAY001116,O001116,boleto,6,2109.8
PAY001117,O001117,credit_card,3,1738.66
PAY001118,O001118,credit_card,12,839.92
PAY001119,O001119,debit_card,12,1416.32
PAY001120,O001120,pix,6,982.74
PAY001121,O001121,credit_card,1,6476.37
PAY001122,O001122,boleto,6,1522.98
PAY001123,O001123,debit_card,12,12370.53
PAY001124,O001124,debit_card,1,1527.84
PAY001125,O001125,credit_card,12,1631.29
PAY001126,O001126,boleto,3,3597.97
PAY001127,O001127,boleto,3,854.18
PAY001128,O001128,boleto,12,2871.4
PAY001129,O001129,credit_card,1,590.41
PAY001130,O001130,boleto,3,424.09
PAY001131,O001131,boleto,12,1588.07
PAY001132,O001132,boleto,1,2166.44
PAY001133,O001133,debit_card,1,3362.19
PAY001134,O001134,credit_card,12,1680.18
PAY001135,O001135,debit_card,3,554.39
PAY001136,O001136,credit_card,1,1514.54
PAY001137,O001137,debit_card,1,1669.05
PAY001138,O001138,debit_card,2,12608.56
PAY001139,O001139,boleto,1,810.58
PAY001140,O001140,boleto,1,4013.39
PAY001141,O001141,pix,6,2393.82
PAY001142,O001142,credit_card,1,3689.52
PAY001143,O001143,boleto,1,480.27
PAY001144,O001144,credit_card,12,1141.24
PAY001145,O001145,boleto,1,822.01
PAY001146,O001146,debit_card,1,405.09
PAY001147,O001147,pix,1,978.81
PAY001148,O001148,pix,1,347.82
PAY001149,O001149,boleto,1,2101.32
PAY001150,O001150,pix,6,1102.69
PAY001151,O001151,pix,6,2162.76
PAY001152,O001152,credit_card,12,660.56
PAY001153,O001153,boleto,2,8402.51
PAY001154,O001154,debit_card,1,3524.95
PAY001155,O001155,credit_card,2,3556.98
PAY001156,O001156,pix,6,3525.25
PAY001157,O001157,boleto,6,618.43
PAY001158,O001158,pix,12,570.06
PAY001159,O001159,debit_card,3,470.06
PAY001160,O001160,debit_card,6,650.88
PAY001161,O001161,debit_card,1,4638.46
PAY001162,O001162,credit_card,1,141.84
PAY001163,O001163,pix,1,444.42
PAY001164,O001164,debit_card,1,975.17
PAY001165,O001165,boleto,3,1202.99
PAY001166,O001166,pix,12,212.47
PAY001167,O001167,pix,1,585.68
PAY001168,O001168,pix,1,186.79
PAY001169,O001169,pix,1,10571.97
PAY001170,O001170,debit_card,1,664.27
PAY001171,O001171,boleto,2,2108.69
PAY001172,O001172,boleto,3,1244.46
PAY001173,O001173,credit_card,3,4529.48
PAY001174,O001174,credit_card,1,4739.19
PAY001175,O001175,pix,1,605.67
PAY001176,O001176,debit_card,1,11622.15
PAY001177,O001177,credit_card,1,1402.58
PAY001178,O001178,credit_card,2,149.32
PAY001179,O001179,credit_card,6,984.03
PAY001180,O001180,boleto,1,925.9
PAY001181,O001181,credit_card,1,2941.99
PAY001182,O001182,debit_card,2,326.73
PAY001183,O001183,boleto,1,341.36
PAY001184,O001184,boleto,1,1796.01
PAY001185,O001185,credit_card,2,1225.45
PAY001186,O001186,debit_card,1,3188.5
PAY001187,O001187,pix,3,856.27
PAY001188,O001188,pix,1,1384.58
PAY001189,O001189,pix,1,6073.92
PAY001190,O001190,credit_card,12,329.73
PAY001191,O001191,pix,12,5685.14
PAY001192,O001192,pix,3,4836.19
PAY001193,O001193,credit_card,12,1757.35
PAY001194,O001194,boleto,6,1419.23
PAY001195,O001195,credit_card,3,721.77
PAY001196,O001196,boleto,1,1042.11
PAY001197,O001197,debit_card,12,473.21
PAY001198,O001198,credit_card,1,1285.69
PAY001199,O001199,boleto,12,152.48
PAY001200,O001200,debit_card,1,579.87
PAY001201,O001201,pix,2,324.78
PAY001202,O001202,boleto,1,435.0
PAY001203,O001203,pix,2,14132.97
PAY001204,O001204,boleto,1,155.76
PAY001205,O001205,boleto,1,243.88
PAY001206,O001206,pix,2,461.56
PAY001207,O001207,credit_card,12,2035.35
PAY001208,O001208,credit_card,2,1182.56
PAY001209,O001209,boleto,3,808.84
PAY001210,O001210,pix,2,3893.1
PAY001211,O001211,credit_card,12,1249.49
PAY001212,O001212,pix,2,439.13
PAY001213,O001213,debit_card,1,6547.39
PAY001214,O001214,pix,1,3274.02
PAY001215,O001215,credit_card,2,11819.9
PAY001216,O001216,pix,1,5910.71
PAY001217,O001217,boleto,2,2305.06
PAY001218,O001218,pix,2,2421.07
PAY001219,O001219,credit_card,12,1752.66
PAY001220,O001220,debit_card,3,1041.49
PAY001221,O001221,debit_card,3,364.93
PAY001222,O001222,credit_card,1,300.03
PAY001223,O001223,credit_card,12,1828.22
PAY001224,O001224,credit_card,2,2614.04
PAY001225,O001225,credit_card,6,12432.81
PAY001226,O001226,pix,1,2198.49
PAY001227,O001227,debit_card,1,662.74
PAY001228,O001228,boleto,1,7632.23
PAY001229,O001229,pix,12,9812.32
PAY001230,O001230,credit_card,1,1934.62
PAY001231,O001231,pix,1,19161.36
PAY001232,O001232,pix,1,2176.51
PAY001233,O001233,debit_card,2,3908.86
PAY001234,O001234,debit_card,3,757.56
PAY001235,O001235,pix,1,877.6
PAY001236,O001236,debit_card,1,7202.73
PAY001237,O001237,debit_card,2,1574.16
PAY001238,O001238,credit_card,3,2038.74
PAY001239,O001239,credit_card,6,3746.42
PAY001240,O001240,pix,1,3772.9
PAY001241,O001241,debit_card,3,4624.25
PAY001242,O001242,boleto,6,1135.93
PAY001243,O001243,boleto,12,1009.72
PAY001244,O001244,boleto,1,4764.95
PAY001245,O001245,boleto,12,7615.36
PAY001246,O001246,boleto,1,2478.18
PAY001247,O001247,pix,2,2695.26
PAY001248,O001248,credit_card,3,3004.66
PAY001249,O001249,debit_card,12,300.94
PAY001250,O001250,credit_card,12,1353.7
PAY001251,O001251,credit_card,1,3086.68
PAY001252,O001252,pix,12,777.05
PAY001253,O001253,boleto,1,593.48
PAY001254,O001254,boleto,1,508.61
PAY001255,O001255,credit_card,3,596.45
PAY001256,O001256,boleto,2,170.37
PAY001257,O001257,boleto,3,1970.51
PAY001258,O001258,credit_card,1,4070.97
PAY001259,O001259,pix,1,1927.78
PAY001260,O001260,credit_card,1,548.13
PAY001261,O001261,boleto,12,1365.59
PAY001262,O001262,debit_card,1,5674.1
PAY001263,O001263,credit_card,6,287.79
PAY001264,O001264,credit_card,2,7984.49
PAY001265,O001265,pix,12,1386.11
PAY001266,O001266,boleto,2,369.98
PAY001267,O001267,debit_card,2,10679.33
PAY001268,O001268,debit_card,1,2898.95
PAY001269,O001269,pix,6,4913.47
PAY001270,O001270,pix,12,2038.11
PAY001271,O001271,credit_card,3,1042.8
PAY001272,O001272,debit_card,12,8023.63
PAY001273,O001273,pix,1,1253.89
PAY001274,O001274,credit_card,3,6855.79
PAY001275,O001275,debit_card,3,897.71
PAY001276,O001276,credit_card,1,3539.85
PAY001277,O001277,debit_card,1,1333.05
PAY001278,O001278,pix,12,925.62
PAY001279,O001279,pix,1,149.24
PAY001280,O001280,pix,1,1657.87
PAY001281,O001281,credit_card,2,8100.26
PAY001282,O001282,debit_card,6,4413.0
PAY001283,O001283,credit_card,1,6546.4
PAY001284,O001284,boleto,2,393.2
PAY001285,O001285,credit_card,12,1373.3
PAY001286,O001286,pix,2,840.94
PAY001287,O001287,debit_card,1,1315.45
PAY001288,O001288,debit_card,6,3061.73
PAY001289,O001289,boleto,3,370.03
PAY001290,O001290,credit_card,1,4284.33
PAY001291,O001291,boleto,1,3617.01
PAY001292,O001292,credit_card,1,498.52
PAY001293,O001293,pix,1,831.8
PAY001294,O001294,credit_card,2,841.94
PAY001295,O001295,debit_card,1,1550.75
PAY001296,O001296,credit_card,1,410.2
PAY001297,O001297,boleto,1,625.31
PAY001298,O001298,credit_card,3,3133.39
PAY001299,O001299,pix,3,2242.44
PAY001300,O001300,credit_card,1,1728.77
PAY001301,O001301,credit_card,1,2004.57
PAY001302,O001302,boleto,3,1217.61
PAY001303,O001303,credit_card,12,163.43
PAY001304,O001304,debit_card,3,2325.01
PAY001305,O001305,boleto,3,7752.84
PAY001306,O001306,pix,1,1591.55
PAY001307,O001307,credit_card,1,2112.57
PAY001308,O001308,credit_card,3,2097.58
PAY001309,O001309,boleto,2,13295.66
PAY001310,O001310,debit_card,2,181.24
PAY001311,O001311,credit_card,1,1739.06
PAY001312,O001312,debit_card,6,4348.45
PAY001313,O001313,pix,1,775.45
PAY001314,O001314,debit_card,1,2018.91
PAY001315,O001315,debit_card,1,3108.43
PAY001316,O001316,pix,1,12640.39
PAY001317,O001317,debit_card,3,582.82
PAY001318,O001318,credit_card,3,141.34
PAY001319,O001319,debit_card,1,535.54
PAY001320,O001320,credit_card,2,202.05
PAY001321,O001321,credit_card,2,2075.5
PAY001322,O001322,debit_card,6,768.49
PAY001323,O001323,pix,1,3986.45
PAY001324,O001324,pix,6,2596.33
PAY001325,O001325,pix,6,3270.89
PAY001326,O001326,debit_card,1,745.36
PAY001327,O001327,credit_card,1,975.11
PAY001328,O001328,boleto,12,869.05
PAY001329,O001329,credit_card,3,3444.23
PAY001330,O001330,boleto,1,9984.56
PAY001331,O001331,debit_card,6,6549.61
PAY001332,O001332,pix,1,1126.45
PAY001333,O001333,boleto,3,1665.91
PAY001334,O001334,debit_card,3,2437.84
PAY001335,O001335,debit_card,12,7813.42
PAY001336,O001336,debit_card,12,2995.94
PAY001337,O001337,pix,3,1594.06
PAY001338,O001338,pix,12,3104.93
PAY001339,O001339,debit_card,6,7312.93
PAY001340,O001340,pix,6,842.05
PAY001341,O001341,credit_card,2,4032.74
PAY001342,O001342,debit_card,1,91.82
PAY001343,O001343,pix,1,1918.74
PAY001344,O001344,credit_card,6,2802.75
PAY001345,O001345,debit_card,1,1564.25
PAY001346,O001346,boleto,1,2886.83
PAY001347,O001347,credit_card,1,3499.94
PAY001348,O001348,credit_card,12,478.73
PAY001349,O001349,pix,1,12389.47
PAY001350,O001350,pix,1,979.76
PAY001351,O001351,credit_card,1,3300.52
PAY001352,O001352,credit_card,12,2933.08
PAY001353,O001353,boleto,1,511.12
PAY001354,O001354,boleto,2,739.96
PAY001355,O001355,credit_card,1,1789.19
PAY001356,O001356,debit_card,6,3429.92
PAY001357,O001357,boleto,1,2641.92
PAY001358,O001358,boleto,12,1183.99
PAY001359,O001359,debit_card,2,2840.2
PAY001360,O001360,debit_card,12,2960.92
PAY001361,O001361,debit_card,1,4955.52
PAY001362,O001362,pix,2,4773.56
PAY001363,O001363,pix,1,876.05
PAY001364,O001364,pix,12,1743.33
PAY001365,O001365,pix,1,874.61
PAY001366,O001366,pix,1,3642.93
PAY001367,O001367,boleto,2,4487.52
PAY001368,O001368,debit_card,1,136.81
PAY001369,O001369,boleto,1,12429.29
PAY001370,O001370,credit_card,2,6965.84
PAY001371,O001371,credit_card,3,4479.09
PAY001372,O001372,pix,2,412.48
PAY001373,O001373,credit_card,1,523.08
PAY001374,O001374,boleto,3,4637.68
PAY001375,O001375,pix,12,7401.01
PAY001376,O001376,debit_card,1,2570.82
PAY001377,O001377,credit_card,1,948.9
PAY001378,O001378,credit_card,2,8568.61
PAY001379,O001379,boleto,12,15226.93
PAY001380,O001380,boleto,2,10782.7
PAY001381,O001381,boleto,1,11512.49
PAY001382,O001382,debit_card,1,1307.4
PAY001383,O001383,boleto,1,1810.18
PAY001384,O001384,pix,1,215.61
PAY001385,O001385,boleto,1,6509.65
PAY001386,O001386,debit_card,1,1694.68
PAY001387,O001387,credit_card,1,3005.92
PAY001388,O001388,credit_card,1,1737.38
PAY001389,O001389,pix,3,4087.22
PAY001390,O001390,credit_card,1,576.51
PAY001391,O001391,credit_card,1,709.76
PAY001392,O001392,boleto,3,2274.22
PAY001393,O001393,pix,1,1784.85
PAY001394,O001394,debit_card,3,622.0
PAY001395,O001395,credit_card,1,1003.2
PAY001396,O001396,debit_card,2,2668.12
PAY001397,O001397,debit_card,1,521.84
PAY001398,O001398,pix,12,11704.95
PAY001399,O001399,credit_card,1,12965.44
PAY001400,O001400,credit_card,6,2479.27
PAY001401,O001401,debit_card,6,779.46
PAY001402,O001402,pix,3,400.15
PAY001403,O001403,debit_card,6,405.32
PAY001404,O001404,credit_card,12,2453.73
PAY001405,O001405,boleto,1,4377.63
PAY001406,O001406,debit_card,1,139.95
PAY001407,O001407,pix,1,1788.11
PAY001408,O001408,credit_card,6,1503.86
PAY001409,O001409,pix,12,1794.71
PAY001410,O001410,credit_card,2,2476.04
PAY001411,O001411,debit_card,2,2554.35
PAY001412,O001412,credit_card,6,324.15
PAY001413,O001413,credit_card,2,1314.46
PAY001414,O001414,pix,1,91.38
PAY001415,O001415,credit_card,1,8372.31
PAY001416,O001416,boleto,1,1702.22
PAY001417,O001417,debit_card,1,3145.77
PAY001418,O001418,boleto,6,12691.37
PAY001419,O001419,debit_card,3,965.23
PAY001420,O001420,pix,1,5143.78
PAY001421,O001421,pix,12,390.79
PAY001422,O001422,debit_card,2,427.65
PAY001423,O001423,boleto,6,4125.69
PAY001424,O001424,debit_card,12,2409.92
PAY001425,O001425,boleto,3,4286.46
PAY001426,O001426,boleto,12,3114.7
PAY001427,O001427,pix,2,4410.38
PAY001428,O001428,credit_card,1,681.77
PAY001429,O001429,pix,1,1596.27
PAY001430,O001430,boleto,1,11907.14
PAY001431,O001431,pix,1,12847.44
PAY001432,O001432,credit_card,1,1771.03
PAY001433,O001433,pix,12,311.7
PAY001434,O001434,pix,1,1081.86
PAY001435,O001435,credit_card,12,3086.94
PAY001436,O001436,pix,1,540.74
PAY001437,O001437,debit_card,12,4719.12
PAY001438,O001438,debit_card,1,1405.46
PAY001439,O001439,pix,1,2819.25
PAY001440,O001440,debit_card,12,1206.94
PAY001441,O001441,debit_card,1,6557.05
PAY001442,O001442,debit_card,6,1036.37
PAY001443,O001443,pix,6,1669.11
PAY001444,O001444,pix,1,1006.04
PAY001445,O001445,boleto,2,942.86
PAY001446,O001446,pix,1,1644.91
PAY001447,O001447,boleto,1,571.32
PAY001448,O001448,debit_card,1,2103.95
PAY001449,O001449,debit_card,1,1526.82
PAY001450,O001450,boleto,1,928.43
PAY001451,O001451,debit_card,3,1734.53
PAY001452,O001452,credit_card,1,531.01
PAY001453,O001453,pix,6,449.35
PAY001454,O001454,debit_card,3,426.64
PAY001455,O001455,debit_card,6,3641.61
PAY001456,O001456,boleto,1,2985.42
PAY001457,O001457,boleto,12,4207.23
PAY001458,O001458,boleto,1,2087.11
PAY001459,O001459,boleto,1,2551.67
PAY001460,O001460,debit_card,2,4129.26
PAY001461,O001461,boleto,1,4403.03
PAY001462,O001462,boleto,1,2622.43
PAY001463,O001463,boleto,3,1045.12
PAY001464,O001464,debit_card,1,1552.63
PAY001465,O001465,debit_card,6,2052.36
PAY001466,O001466,credit_card,2,4239.3
PAY001467,O001467,credit_card,1,8015.73
PAY001468,O001468,credit_card,1,2391.88
PAY001469,O001469,debit_card,12,6034.58
PAY001470,O001470,pix,1,606.1
PAY001471,O001471,boleto,1,777.25
PAY001472,O001472,pix,6,2070.32
PAY001473,O001473,pix,3,2746.83
PAY001474,O001474,debit_card,2,9638.03
PAY001475,O001475,pix,1,7941.57
PAY001476,O001476,pix,3,2083.8
PAY001477,O001477,credit_card,1,7102.86
PAY001478,O001478,debit_card,12,7503.84
PAY001479,O001479,debit_card,3,742.53
PAY001480,O001480,boleto,12,4938.0
PAY001481,O001481,credit_card,12,451.06
PAY001482,O001482,debit_card,12,781.69
PAY001483,O001483,pix,1,2737.91
PAY001484,O001484,boleto,3,945.25
PAY001485,O001485,pix,1,3682.28
PAY001486,O001486,boleto,6,1578.1
PAY001487,O001487,credit_card,12,198.08
PAY001488,O001488,boleto,1,305.79
PAY001489,O001489,boleto,1,3881.51
PAY001490,O001490,boleto,6,1004.04
PAY001491,O001491,credit_card,1,10920.45
PAY001492,O001492,credit_card,3,2488.01
PAY001493,O001493,pix,2,3946.2
PAY001494,O001494,boleto,3,4131.53
PAY001495,O001495,credit_card,1,3847.05
PAY001496,O001496,pix,2,2524.72
PAY001497,O001497,debit_card,1,465.56
PAY001498,O001498,pix,1,1016.03
PAY001499,O001499,pix,6,2718.29
PAY001500,O001500,pix,12,3215.96
PAY001501,O001501,debit_card,3,558.16
PAY001502,O001502,credit_card,1,3622.44
PAY001503,O001503,credit_card,3,2902.28
PAY001504,O001504,pix,1,3520.79
PAY001505,O001505,credit_card,1,4947.92
PAY001506,O001506,pix,2,4852.85
PAY001507,O001507,boleto,1,2951.5
PAY001508,O001508,pix,1,2454.79
PAY001509,O001509,debit_card,12,466.71
PAY001510,O001510,debit_card,1,1812.03
PAY001511,O001511,debit_card,6,4063.59
PAY001512,O001512,credit_card,1,3499.84
PAY001513,O001513,pix,1,1744.14
PAY001514,O001514,credit_card,2,1041.44
PAY001515,O001515,boleto,12,735.56
PAY001516,O001516,credit_card,3,170.72
PAY001517,O001517,pix,6,3231.18
PAY001518,O001518,pix,3,2466.06
PAY001519,O001519,pix,1,6585.61
PAY001520,O001520,debit_card,2,3806.93
PAY001521,O001521,boleto,2,9462.9
PAY001522,O001522,debit_card,3,336.41
PAY001523,O001523,debit_card,1,3706.1
PAY001524,O001524,credit_card,2,3822.72
PAY001525,O001525,boleto,1,2526.46
PAY001526,O001526,pix,12,2130.41
PAY001527,O001527,boleto,2,3109.99
PAY001528,O001528,pix,1,3612.21
PAY001529,O001529,debit_card,3,1970.18
PAY001530,O001530,credit_card,6,1082.58
PAY001531,O001531,boleto,1,1878.8
PAY001532,O001532,boleto,3,2508.88
PAY001533,O001533,credit_card,1,538.44
PAY001534,O001534,boleto,3,4263.85
PAY001535,O001535,credit_card,1,312.97
PAY001536,O001536,pix,6,979.41
PAY001537,O001537,pix,6,189.28
PAY001538,O001538,boleto,1,5110.77
PAY001539,O001539,credit_card,3,923.76
PAY001540,O001540,boleto,2,2851.65
PAY001541,O001541,boleto,1,2449.32
PAY001542,O001542,pix,12,1703.23
PAY001543,O001543,credit_card,1,1756.83
PAY001544,O001544,pix,1,19229.82
PAY001545,O001545,boleto,2,482.39
PAY001546,O001546,credit_card,1,1329.09
PAY001547,O001547,boleto,1,2769.11
PAY001548,O001548,boleto,2,181.84
PAY001549,O001549,debit_card,6,717.63
PAY001550,O001550,debit_card,3,3732.01
PAY001551,O001551,credit_card,1,1116.65
PAY001552,O001552,debit_card,1,1213.34
PAY001553,O001553,debit_card,3,581.85
PAY001554,O001554,credit_card,12,1658.13
PAY001555,O001555,pix,12,3456.73
PAY001556,O001556,debit_card,2,910.75
PAY001557,O001557,credit_card,12,940.63
PAY001558,O001558,credit_card,1,3114.24
PAY001559,O001559,credit_card,1,2486.52
PAY001560,O001560,debit_card,1,610.72
PAY001561,O001561,boleto,12,2891.43
PAY001562,O001562,boleto,12,2139.81
PAY001563,O001563,debit_card,1,2018.38
PAY001564,O001564,credit_card,1,4665.07
PAY001565,O001565,credit_card,1,1796.86
PAY001566,O001566,boleto,6,1509.95
PAY001567,O001567,boleto,12,1418.69
PAY001568,O001568,credit_card,3,761.43
PAY001569,O001569,boleto,3,2089.64
PAY001570,O001570,credit_card,1,5723.71
PAY001571,O001571,debit_card,6,504.74
PAY001572,O001572,boleto,1,962.16
PAY001573,O001573,debit_card,1,281.39
PAY001574,O001574,pix,12,1285.39
PAY001575,O001575,pix,1,395.82
PAY001576,O001576,boleto,1,414.95
PAY001577,O001577,pix,1,2049.71
PAY001578,O001578,boleto,12,7061.12
PAY001579,O001579,pix,1,835.61
PAY001580,O001580,pix,2,6082.65
PAY001581,O001581,credit_card,1,687.2
PAY001582,O001582,pix,3,2773.09
PAY001583,O001583,credit_card,1,326.12
PAY001584,O001584,credit_card,2,12667.27
PAY001585,O001585,boleto,1,495.38
PAY001586,O001586,pix,1,473.56
PAY001587,O001587,boleto,1,4138.33
PAY001588,O001588,debit_card,3,3307.5
PAY001589,O001589,boleto,12,416.78
PAY001590,O001590,credit_card,1,2885.39
PAY001591,O001591,debit_card,1,1581.58
PAY001592,O001592,credit_card,3,1635.28
PAY001593,O001593,pix,2,711.12
PAY001594,O001594,debit_card,1,1048.68
PAY001595,O001595,credit_card,1,11273.06
PAY001596,O001596,boleto,6,2904.24
PAY001597,O001597,credit_card,1,351.03
PAY001598,O001598,pix,12,879.11
PAY001599,O001599,credit_card,2,1405.78
PAY001600,O001600,boleto,6,961.17
PAY001601,O001601,credit_card,1,218.01
PAY001602,O001602,boleto,12,4272.12
PAY001603,O001603,boleto,1,1679.5
PAY001604,O001604,pix,1,15203.33
PAY001605,O001605,boleto,1,7236.68
PAY001606,O001606,credit_card,12,6993.27
PAY001607,O001607,boleto,6,1456.24
PAY001608,O001608,credit_card,1,2523.08
PAY001609,O001609,debit_card,1,150.57
PAY001610,O001610,boleto,1,1237.33
PAY001611,O001611,boleto,1,3744.05
PAY001612,O001612,credit_card,1,1193.86
PAY001613,O001613,debit_card,1,506.69
PAY001614,O001614,pix,2,1085.8
PAY001615,O001615,debit_card,12,2922.84
PAY001616,O001616,credit_card,2,1287.92
PAY001617,O001617,boleto,6,1708.04
PAY001618,O001618,debit_card,12,7406.67
PAY001619,O001619,credit_card,12,5379.81
PAY001620,O001620,boleto,3,13305.18
PAY001621,O001621,debit_card,3,1017.13
PAY001622,O001622,credit_card,1,956.87
PAY001623,O001623,debit_card,1,1156.55
PAY001624,O001624,debit_card,1,644.35
PAY001625,O001625,boleto,1,827.07
PAY001626,O001626,debit_card,1,2988.33
PAY001627,O001627,boleto,12,367.7
PAY001628,O001628,credit_card,1,991.48
PAY001629,O001629,credit_card,12,9134.58
PAY001630,O001630,debit_card,1,1407.57
PAY001631,O001631,credit_card,1,676.59
PAY001632,O001632,pix,1,1693.62
PAY001633,O001633,debit_card,3,714.09
PAY001634,O001634,credit_card,6,3169.79
PAY001635,O001635,boleto,12,2485.6
PAY001636,O001636,boleto,3,355.35
PAY001637,O001637,credit_card,12,1515.93
PAY001638,O001638,debit_card,2,7576.01
PAY001639,O001639,credit_card,12,1845.26
PAY001640,O001640,pix,3,1672.51
PAY001641,O001641,debit_card,1,3783.97
PAY001642,O001642,debit_card,1,2050.39
PAY001643,O001643,boleto,1,2032.67
PAY001644,O001644,debit_card,3,1925.73
PAY001645,O001645,pix,3,577.97
PAY001646,O001646,pix,1,905.81
PAY001647,O001647,debit_card,6,8046.76
PAY001648,O001648,boleto,1,253.87
PAY001649,O001649,boleto,3,5044.1
PAY001650,O001650,credit_card,6,7748.48
PAY001651,O001651,boleto,2,2288.77
PAY001652,O001652,debit_card,6,2616.41
PAY001653,O001653,credit_card,12,4009.67
PAY001654,O001654,debit_card,3,2799.66
PAY001655,O001655,pix,1,694.37
PAY001656,O001656,debit_card,1,280.88
PAY001657,O001657,credit_card,1,198.38
PAY001658,O001658,pix,1,1116.81
PAY001659,O001659,debit_card,1,1042.97
PAY001660,O001660,boleto,1,2653.89
PAY001661,O001661,credit_card,12,466.93
PAY001662,O001662,credit_card,1,573.93
PAY001663,O001663,boleto,1,13932.13
PAY001664,O001664,pix,3,2524.43
PAY001665,O001665,pix,3,215.07
PAY001666,O001666,boleto,1,755.72
PAY001667,O001667,boleto,12,795.63
PAY001668,O001668,debit_card,3,636.19
PAY001669,O001669,pix,3,3900.98
PAY001670,O001670,pix,1,2829.51
PAY001671,O001671,boleto,12,9570.54
PAY001672,O001672,debit_card,2,445.6
PAY001673,O001673,pix,2,2767.57
PAY001674,O001674,credit_card,6,685.28
PAY001675,O001675,pix,6,726.39
PAY001676,O001676,boleto,1,1905.95
PAY001677,O001677,boleto,1,7558.39
PAY001678,O001678,debit_card,2,635.2
PAY001679,O001679,pix,1,1289.85
PAY001680,O001680,pix,6,1530.37
PAY001681,O001681,credit_card,1,2300.98
PAY001682,O001682,boleto,6,2968.02
PAY001683,O001683,pix,2,2410.02
PAY001684,O001684,boleto,1,3293.03
PAY001685,O001685,debit_card,1,3959.1
PAY001686,O001686,pix,3,4506.48
PAY001687,O001687,pix,1,9150.66
PAY001688,O001688,credit_card,3,548.71
PAY001689,O001689,pix,2,7102.53
PAY001690,O001690,debit_card,12,11858.87
PAY001691,O001691,pix,6,2749.82
PAY001692,O001692,credit_card,2,1406.33
PAY001693,O001693,boleto,1,1943.76
PAY001694,O001694,pix,3,3609.91
PAY001695,O001695,boleto,6,1405.84
PAY001696,O001696,boleto,12,2609.57
PAY001697,O001697,pix,2,2613.94
PAY001698,O001698,boleto,2,10899.41
PAY001699,O001699,debit_card,12,1424.11
PAY001700,O001700,boleto,1,360.17
PAY001701,O001701,debit_card,3,1451.44
PAY001702,O001702,debit_card,6,1558.98
PAY001703,O001703,debit_card,6,579.95
PAY001704,O001704,debit_card,3,1419.29
PAY001705,O001705,debit_card,3,1813.06
PAY001706,O001706,debit_card,1,600.77
PAY001707,O001707,pix,1,912.97
PAY001708,O001708,credit_card,6,1932.84
PAY001709,O001709,pix,3,2615.51
PAY001710,O001710,credit_card,6,1524.1
PAY001711,O001711,boleto,3,4202.24
PAY001712,O001712,pix,1,11951.1
PAY001713,O001713,debit_card,2,316.29
PAY001714,O001714,credit_card,1,1036.93
PAY001715,O001715,credit_card,2,1561.1
PAY001716,O001716,credit_card,1,6215.0
PAY001717,O001717,credit_card,1,477.12
PAY001718,O001718,credit_card,3,1023.59
PAY001719,O001719,credit_card,2,19899.25
PAY001720,O001720,credit_card,6,4217.2
PAY001721,O001721,credit_card,1,673.17
PAY001722,O001722,pix,1,1250.51
PAY001723,O001723,credit_card,1,3031.37
PAY001724,O001724,credit_card,1,1287.92
PAY001725,O001725,credit_card,1,3315.15
PAY001726,O001726,boleto,3,4441.77
PAY001727,O001727,debit_card,2,2599.04
PAY001728,O001728,credit_card,1,1762.29
PAY001729,O001729,pix,1,5426.51
PAY001730,O001730,pix,1,7362.67
PAY001731,O001731,boleto,3,3693.76
PAY001732,O001732,credit_card,1,1256.55
PAY001733,O001733,debit_card,1,1091.35
PAY001734,O001734,pix,12,314.26
PAY001735,O001735,debit_card,1,270.91
PAY001736,O001736,credit_card,1,3793.13
PAY001737,O001737,pix,1,483.59
PAY001738,O001738,boleto,2,2769.26
PAY001739,O001739,credit_card,2,949.01
PAY001740,O001740,credit_card,6,6445.4
PAY001741,O001741,boleto,12,722.26
PAY001742,O001742,pix,6,18928.62
PAY001743,O001743,pix,2,2093.1
PAY001744,O001744,credit_card,12,343.84
PAY001745,O001745,credit_card,12,1878.13
PAY001746,O001746,pix,1,1033.08
PAY001747,O001747,debit_card,6,2723.24
PAY001748,O001748,debit_card,1,102.83
PAY001749,O001749,boleto,1,454.44
PAY001750,O001750,pix,12,3889.95
PAY001751,O001751,credit_card,1,5076.89
PAY001752,O001752,debit_card,1,930.86
PAY001753,O001753,credit_card,3,3451.53
PAY001754,O001754,boleto,12,1928.64
PAY001755,O001755,credit_card,1,1906.01
PAY001756,O001756,boleto,2,441.0
PAY001757,O001757,debit_card,1,11836.63
PAY001758,O001758,credit_card,12,2486.26
PAY001759,O001759,debit_card,1,2225.86
PAY001760,O001760,credit_card,1,14276.07
PAY001761,O001761,credit_card,2,176.06
PAY001762,O001762,credit_card,6,941.46
PAY001763,O001763,pix,3,970.07
PAY001764,O001764,boleto,1,3001.34
PAY001765,O001765,credit_card,1,3969.6
PAY001766,O001766,boleto,1,1921.39
PAY001767,O001767,debit_card,1,365.18
PAY001768,O001768,boleto,1,1268.13
PAY001769,O001769,pix,12,351.16
PAY001770,O001770,pix,12,1182.55
PAY001771,O001771,pix,6,1938.27
PAY001772,O001772,credit_card,1,385.19
PAY001773,O001773,debit_card,1,1018.71
PAY001774,O001774,debit_card,2,1843.59
PAY001775,O001775,debit_card,3,3660.98
PAY001776,O001776,credit_card,3,12448.28
PAY001777,O001777,pix,1,5050.74
PAY001778,O001778,boleto,1,11384.95
PAY001779,O001779,boleto,6,3766.5
PAY001780,O001780,pix,1,3112.72
PAY001781,O001781,debit_card,1,5343.77
PAY001782,O001782,credit_card,1,1016.35
PAY001783,O001783,pix,1,422.88
PAY001784,O001784,credit_card,2,4375.99
PAY001785,O001785,boleto,1,179.96
PAY001786,O001786,boleto,6,7581.24
PAY001787,O001787,credit_card,12,2884.96
PAY001788,O001788,pix,12,93.61
PAY001789,O001789,pix,3,1272.98
PAY001790,O001790,boleto,12,2832.47
PAY001791,O001791,pix,3,7085.5
PAY001792,O001792,credit_card,6,10679.71
PAY001793,O001793,pix,1,2289.83
PAY001794,O001794,debit_card,1,1064.47
PAY001795,O001795,credit_card,1,663.92
PAY001796,O001796,boleto,2,2511.19
PAY001797,O001797,pix,1,3062.88
PAY001798,O001798,boleto,1,4813.18
PAY001799,O001799,debit_card,1,1796.09
PAY001800,O001800,pix,1,2899.51
