review_id,order_id,customer_id,rating,comment,review_date
R000001,O000001,C00442,3,Poderia ser melhor,2025-01-27
R000002,O000002,C00354,1,,2025-07-20
R000003,O000003,C00446,3,Produto excelente,2025-06-11
R000004,O000004,C00373,5,Produto dentro do esperado,2025-12-01
R000005,O000005,C00387,5,Ótima compra,2025-10-31
R000006,O000006,C00029,5,Ótima compra,2025-07-01
R000007,O000007,C00466,5,Produto dentro do esperado,2025-11-03
R000008,O000008,C00127,3,,2026-01-12
R000009,O000009,C00286,1,Muito bom,2025-12-22
R000010,O000010,C00305,1,Produto dentro do esperado,2026-01-05
R000011,O000011,C00186,2,Produto excelente,2025-01-25
R000012,O000012,C00404,5,Poderia ser melhor,2025-03-06
R000013,O000013,C00084,3,Chegou rápido,2025-04-18
R000014,O000014,C00384,2,Ótima compra,2025-08-19
R000015,O000015,C00394,2,Produto excelente,2025-06-07
R000016,O000016,C00043,5,Não gostei,2025-04-05
R000017,O000017,C00203,1,Produto dentro do esperado,2025-09-16
R000018,O000018,C00362,5,Poderia ser melhor,2025-09-10
R000019,O000019,C00482,1,Produto dentro do esperado,2025-11-13
R000020,O000020,C00215,5,Produto excelente,2025-12-04
R000021,O000021,C00341,5,Ótima compra,2025-12-20
R000022,O000022,C00383,1,,2025-01-19
R000023,O000023,C00298,4,,2025-06-23
R000024,O000024,C00398,5,Poderia ser melhor,2025-08-29
R000025,O000025,C00019,2,Poderia ser melhor,2025-11-30
R000026,O000026,C00499,2,Não gostei,2025-04-13
R000027,O000027,C00152,5,Poderia ser melhor,2025-06-15
R000028,O000028,C00074,1,Poderia ser melhor,2025-11-14
R000029,O000029,C00071,1,,2025-10-03
R000030,O000030,C00229,3,Ótima compra,2025-05-03
R000031,O000031,C00350,5,,2025-06-18
R000032,O000032,C00364,5,Produto excelente,2026-01-04
R000033,O000033,C00283,3,,2025-03-19
R000034,O000034,C00211,5,Produto dentro do esperado,2025-08-08
R000035,O000035,C00349,3,Produto excelente,2025-10-07
R000036,O000036,C00085,3,Produto excelente,2025-03-27
R000037,O000037,C00321,5,Ótima compra,2025-06-06
R000038,O000038,C00338,2,Poderia ser melhor,2025-11-21
R000039,O000039,C00328,2,Produto excelente,2025-01-29
R000040,O000040,C00238,2,Muito bom,2025-04-21
R000041,O000041,C00190,5,Chegou rápido,2025-09-27
R000042,O000042,C00168,5,Poderia ser melhor,2025-11-02
R000043,O000043,C00259,5,Produto excelente,2025-08-31
R000044,O000044,C00005,2,Poderia ser melhor,2025-02-28
R000045,O000045,C00231,1,Produto dentro do esperado,2025-10-11
R000046,O000046,C00481,5,,2025-07-18
R000047,O000047,C00234,4,,2025-03-23
R000048,O000048,C00173,5,Ótima compra,2025-09-25
R000049,O000049,C00496,3,Não gostei,2025-12-04
R000050,O000050,C00421,5,Poderia ser melhor,2025-12-17
R000051,O000051,C00354,5,Ótima compra,2025-04-27
R000052,O000052,C00182,3,Chegou rápido,2025-12-17
R000053,O000053,C00246,1,Chegou rápido,2025-07-12
R000054,O000054,C00474,5,Não gostei,2025-08-28
R000055,O000055,C00120,5,Ótima compra,2025-02-08
R000056,O000056,C00494,5,Poderia ser melhor,2025-05-30
R000057,O000057,C00379,5,Ótima compra,2025-01-23
R000058,O000058,C00493,2,Produto dentro do esperado,2025-06-01
R000059,O000059,C00233,4,Produto excelente,2025-12-07
R000060,O000060,C00346,5,Não gostei,2025-04-21
R000061,O000061,C00155,5,Ótima compra,2025-11-07
R000062,O000062,C00061,5,Poderia ser melhor,2025-08-30
R000063,O000063,C00311,4,Ótima compra,2025-07-25
R000064,O000064,C00425,4,Poderia ser melhor,2025-10-23
R000065,O000065,C00299,5,Produto dentro do esperado,2025-09-10
R000066,O000066,C00038,5,,2025-01-28
R000067,O000067,C00017,5,Produto excelente,2025-06-03
R000068,O000068,C00446,4,Chegou rápido,2025-07-27
R000069,O000069,C00002,5,Produto dentro do esperado,2025-01-23
R000070,O000070,C00393,5,Muito bom,2025-01-15
R000071,O000071,C00380,1,Muito bom,2025-01-31
R000072,O000072,C00307,5,Chegou rápido,2025-12-16
R000073,O000073,C00486,5,Chegou rápido,2025-11-14
R000074,O000074,C00269,4,Não gostei,2025-06-27
R000075,O000075,C00272,3,Poderia ser melhor,2025-03-17
R000076,O000076,C00038,5,Produto excelente,2025-04-22
R000077,O000077,C00061,4,Chegou rápido,2025-09-07
R000078,O000078,C00134,2,,2025-07-16
R000079,O000079,C00284,2,Produto dentro do esperado,2025-11-07
R000080,O000080,C00087,4,Muito bom,2025-07-08
R000081,O000081,C00363,5,Produto excelente,2025-03-22
R000082,O000082,C00147,2,Produto dentro do esperado,2025-01-17
R000083,O000083,C00290,5,Produto excelente,2025-05-06
R000084,O000084,C00195,5,Ótima compra,2025-07-19
R000085,O000085,C00223,5,Poderia ser melhor,2025-12-11
R000086,O000086,C00024,5,,2025-02-09
R000087,O000087,C00084,5,Poderia ser melhor,2025-10-29
R000088,O000088,C00310,4,,2025-11-21
R000089,O000089,C00396,3,Poderia ser melhor,2025-11-15
R000090,O000090,C00185,5,,2025-03-03
R000091,O000091,C00182,4,Não gostei,2025-10-17
R000092,O000092,C00195,2,Muito bom,2025-04-11
R000093,O000093,C00321,5,Produto excelente,2025-09-25
R000094,O000094,C00442,4,Produto dentro do esperado,2025-06-26
R000095,O000095,C00356,5,Muito bom,2025-11-27
R000096,O000096,C00394,5,Muito bom,2025-10-15
R000097,O000097,C00217,4,Produto excelente,2025-07-22
R000098,O000098,C00341,5,Poderia ser melhor,2025-07-07
R000099,O000099,C00170,5,Ótima compra,2025-08-12
R000100,O000100,C00192,4,Produto dentro do esperado,2025-07-29
R000101,O000101,C00160,3,,2025-07-02
R000102,O000102,C00023,2,Produto excelente,2026-01-13
R000103,O000103,C00409,2,Produto excelente,2025-08-07
R000104,O000104,C00003,4,Ótima compra,2025-12-29
R000105,O000105,C00344,2,Produto dentro do esperado,2025-09-18
R000106,O000106,C00303,4,Muito bom,2025-02-16
R000107,O000107,C00250,1,Produto excelente,2025-12-03
R000108,O000108,C00249,5,Não gostei,2025-03-23
R000109,O000109,C00276,1,Muito bom,2025-05-31
R000110,O000110,C00112,5,Ótima compra,2025-08-20
R000111,O000111,C00416,5,Muito bom,2025-05-11
R000112,O000112,C00276,5,Chegou rápido,2025-04-11
R000113,O000113,C00336,5,Produto excelente,2025-03-17
R000114,O000114,C00324,5,,2025-05-19
R000115,O000115,C00397,4,Ótima compra,2025-03-01
R000116,O000116,C00437,5,Produto excelente,2025-09-20
R000117,O000117,C00064,1,Produto excelente,2025-03-30
R000118,O000118,C00155,5,Chegou rápido,2025-03-27
R000119,O000119,C00336,4,Chegou rápido,2025-02-26
R000120,O000120,C00349,5,Chegou rápido,2025-08-23
R000121,O000121,C00189,5,Produto dentro do esperado,2025-06-07
R000122,O000122,C00180,3,Ótima compra,2025-05-01
R000123,O000123,C00064,3,,2025-11-13
R000124,O000124,C00482,1,Produto dentro do esperado,2026-01-01
R000125,O000125,C00256,3,Produto excelente,2025-11-30
R000126,O000126,C00280,4,Não gostei,2025-12-24
R000127,O000127,C00360,5,Ótima compra,2025-08-08
R000128,O000128,C00325,5,Produto dentro do esperado,2025-12-03
R000129,O000129,C00126,3,Não gostei,2025-02-26
R000130,O000130,C00007,4,Produto excelente,2026-01-11
R000131,O000131,C00191,4,,2025-03-10
R000132,O000132,C00234,5,Muito bom,2025-10-02
R000133,O000133,C00197,2,Produto dentro do esperado,2025-03-20
R000134,O000134,C00165,3,Não gostei,2025-05-14
R000135,O000135,C00450,5,Produto excelente,2025-09-07
R000136,O000136,C00398,5,Não gostei,2025-04-19
R000137,O000137,C00001,5,Produto excelente,2025-12-09
R000138,O000138,C00267,2,Muito bom,2025-08-09
R000139,O000139,C00150,4,Produto dentro do esperado,2025-05-23
R000140,O000140,C00209,3,Poderia ser melhor,2025-03-08
R000141,O000141,C00428,1,Poderia ser melhor,2025-06-23
R000142,O000142,C00488,5,Produto dentro do esperado,2025-07-29
R000143,O000143,C00102,1,Poderia ser melhor,2025-07-27
R000144,O000144,C00034,3,,2025-04-13
R000145,O000145,C00350,5,Muito bom,2025-08-20
R000146,O000146,C00152,2,Produto dentro do esperado,2025-09-24
R000147,O000147,C00468,5,Não gostei,2025-10-31
R000148,O000148,C00274,1,Produto dentro do esperado,2025-02-05
R000149,O000149,C00378,5,,2025-12-26
R000150,O000150,C00486,3,Ótima compra,2025-04-21
R000151,O000151,C00091,5,Muito bom,2025-06-27
R000152,O000152,C00483,1,,2025-12-21
R000153,O000153,C00486,5,,2025-08-22
R000154,O000154,C00374,4,Produto excelente,2025-01-15
R000155,O000155,C00178,2,Produto dentro do esperado,2025-06-24
R000156,O000156,C00006,3,Poderia ser melhor,2025-05-22
R000157,O000157,C00225,4,Poderia ser melhor,2025-08-08
R000158,O000158,C00011,4,,2025-06-23
R000159,O000159,C00039,5,Poderia ser melhor,2025-10-09
R000160,O000160,C00483,5,Produto dentro do esperado,2025-12-15
R000161,O000161,C00282,5,Ótima compra,2025-09-21
R000162,O000162,C00243,5,Ótima compra,2025-03-06
R000163,O000163,C00138,5,Produto excelente,2025-10-18
R000164,O000164,C00302,4,Produto dentro do esperado,2025-04-30
R000165,O000165,C00487,5,Não gostei,2025-08-26
R000166,O000166,C00422,2,,2025-11-27
R000167,O000167,C00359,5,Produto dentro do esperado,2025-11-30
R000168,O000168,C00336,1,Não gostei,2025-09-16
R000169,O000169,C00011,4,Não gostei,2025-06-30
R000170,O000170,C00374,5,Chegou rápido,2025-08-12
R000171,O000171,C00249,5,Chegou rápido,2025-10-03
R000172,O000172,C00400,4,Produto dentro do esperado,2025-09-28
R000173,O000173,C00234,5,Ótima compra,2025-02-04
R000174,O000174,C00251,5,Produto dentro do esperado,2025-11-13
R000175,O000175,C00114,1,Chegou rápido,2025-12-08
R000176,O000176,C00089,5,Muito bom,2025-11-10
R000177,O000177,C00437,5,Não gostei,2025-07-13
R000178,O000178,C00332,5,Poderia ser melhor,2025-11-12
R000179,O000179,C00077,2,Produto dentro do esperado,2025-09-26
R000180,O000180,C00072,2,Poderia ser melhor,2025-01-16
R000181,O000181,C00274,4,Não gostei,2025-11-25
R000182,O000182,C00461,5,Não gostei,2025-07-02
R000183,O000183,C00436,5,Poderia ser melhor,2025-03-11
R000184,O000184,C00153,2,Ótima compra,2025-08-13
R000185,O000185,C00042,4,Produto excelente,2025-09-15
R000186,O000186,C00403,2,Poderia ser melhor,2025-02-20
R000187,O000187,C00376,5,Ótima compra,2025-05-22
R000188,O000188,C00455,4,Poderia ser melhor,2025-12-25
R000189,O000189,C00376,2,Muito bom,2025-01-18
R000190,O000190,C00025,5,Não gostei,2025-12-14
R000191,O000191,C00281,3,Muito bom,2025-05-25
R000192,O000192,C00311,5,,2025-12-30
R000193,O000193,C00055,5,Muito bom,2025-09-19
R000194,O000194,C00255,1,,2025-04-18
R000195,O000195,C00119,3,Produto excelente,2025-08-25
R000196,O000196,C00436,2,Muito bom,2025-02-02
R000197,O000197,C00418,5,Muito bom,2025-07-02
R000198,O000198,C00214,5,Muito bom,2025-11-10
R000199,O000199,C00024,5,Poderia ser melhor,2025-02-17
R000200,O000200,C00339,1,Produto dentro do esperado,2025-05-21
R000201,O000201,C00124,5,Poderia ser melhor,2025-07-03
R000202,O000202,C00121,3,,2025-02-17
R000203,O000203,C00288,5,Produto excelente,2025-04-28
R000204,O000204,C00338,5,Poderia ser melhor,2025-05-08
R000205,O000205,C00131,5,Produto dentro do esperado,2025-11-21
R000206,O000206,C00174,4,,2025-03-02
R000207,O000207,C00338,1,Chegou rápido,2025-11-08
R000208,O000208,C00400,5,Chegou rápido,2025-04-10
R000209,O000209,C00312,4,Poderia ser melhor,2026-01-01
R000210,O000210,C00378,5,Produto dentro do esperado,2025-10-15
R000211,O000211,C00278,5,Produto excelente,2026-01-04
R000212,O000212,C00383,2,Ótima compra,2025-10-15
R000213,O000213,C00402,5,Não gostei,2025-06-16
R000214,O000214,C00332,5,Produto excelente,2025-10-25
R000215,O000215,C00318,5,Ótima compra,2025-08-27
R000216,O000216,C00264,5,Chegou rápido,2025-03-05
R000217,O000217,C00405,5,Produto dentro do esperado,2025-10-28
R000218,O000218,C00035,4,,2025-09-24
R000219,O000219,C00124,1,Ótima compra,2025-12-02
R000220,O000220,C00467,4,Ótima compra,2025-09-24
R000221,O000221,C00276,1,Chegou rápido,2025-10-07
R000222,O000222,C00054,5,Ótima compra,2025-05-01
R000223,O000223,C00209,2,Poderia ser melhor,2025-07-21
R000224,O000224,C00403,5,Produto excelente,2025-12-21
R000225,O000225,C00081,5,Chegou rápido,2025-10-04
R000226,O000226,C00294,5,Produto dentro do esperado,2025-11-07
R000227,O000227,C00212,5,Produto excelente,2025-11-29
R000228,O000228,C00385,2,,2025-10-16
R000229,O000229,C00298,5,Produto dentro do esperado,2025-09-22
R000230,O000230,C00300,4,,2025-03-26
R000231,O000231,C00348,5,Produto excelente,2025-06-21
R000232,O000232,C00039,4,,2025-01-20
R000233,O000233,C00283,1,Não gostei,2025-05-17
R000234,O000234,C00123,5,Poderia ser melhor,2025-11-16
R000235,O000235,C00021,5,Ótima compra,2025-04-25
R000236,O000236,C00241,3,Poderia ser melhor,2025-08-22
R000237,O000237,C00380,5,Chegou rápido,2025-05-19
R000238,O000238,C00265,2,Não gostei,2025-07-29
R000239,O000239,C00077,4,Poderia ser melhor,2025-04-20
R000240,O000240,C00346,4,Não gostei,2025-09-10
R000241,O000241,C00263,3,Chegou rápido,2025-02-04
R000242,O000242,C00373,5,Ótima compra,2025-12-19
R000243,O000243,C00113,1,Muito bom,2025-08-08
R000244,O000244,C00194,4,Produto dentro do esperado,2025-07-25
R000245,O000245,C00050,5,Chegou rápido,2025-04-08
R000246,O000246,C00247,2,Muito bom,2025-12-14
R000247,O000247,C00448,5,Não gostei,2025-02-04
R000248,O000248,C00307,5,Ótima compra,2025-10-21
R000249,O000249,C00106,5,Não gostei,2025-12-25
R000250,O000250,C00190,5,Chegou rápido,2025-10-25
R000251,O000251,C00110,2,,2025-09-29
R000252,O000252,C00223,4,Ótima compra,2025-03-01
R000253,O000253,C00494,3,Muito bom,2025-11-07
R000254,O000254,C00307,5,Produto excelente,2025-09-20
R000255,O000255,C00400,2,Não gostei,2025-07-25
R000256,O000256,C00477,2,Não gostei,2025-08-01
R000257,O000257,C00227,1,Produto dentro do esperado,2025-07-27
R000258,O000258,C00133,5,Poderia ser melhor,2025-02-17
R000259,O000259,C00427,3,Poderia ser melhor,2025-05-30
R000260,O000260,C00477,5,Ótima compra,2025-04-10
R000261,O000261,C00136,2,Chegou rápido,2025-04-25
R000262,O000262,C00004,5,Produto dentro do esperado,2025-10-15
R000263,O000263,C00270,1,Poderia ser melhor,2025-08-13
R000264,O000264,C00500,5,Produto dentro do esperado,2025-03-07
R000265,O000265,C00095,1,Poderia ser melhor,2025-09-28
R000266,O000266,C00075,3,Poderia ser melhor,2025-03-25
R000267,O000267,C00250,5,Muito bom,2025-06-09
R000268,O000268,C00131,5,,2025-09-06
R000269,O000269,C00286,5,Produto dentro do esperado,2025-05-15
R000270,O000270,C00196,3,Muito bom,2025-11-13
R000271,O000271,C00083,3,,2025-07-04
R000272,O000272,C00086,5,,2025-04-15
R000273,O000273,C00049,5,Não gostei,2025-02-06
R000274,O000274,C00146,1,Chegou rápido,2025-08-29
R000275,O000275,C00277,5,Produto excelente,2025-05-25
R000276,O000276,C00328,1,Não gostei,2025-11-29
R000277,O000277,C00147,2,,2025-09-06
R000278,O000278,C00367,5,Ótima compra,2025-12-04
R000279,O000279,C00070,1,Produto dentro do esperado,2025-05-30
R000280,O000280,C00047,5,Não gostei,2025-03-28
R000281,O000281,C00042,1,Produto excelente,2025-03-18
R000282,O000282,C00236,5,,2025-02-22
R000283,O000283,C00480,1,Poderia ser melhor,2025-10-13
R000284,O000284,C00086,5,Muito bom,2025-05-28
R000285,O000285,C00321,1,Muito bom,2025-02-05
R000286,O000286,C00457,2,Ótima compra,2025-08-21
R000287,O000287,C00249,5,Ótima compra,2025-12-31
R000288,O000288,C00272,5,Muito bom,2025-04-03
R000289,O000289,C00370,1,,2025-02-15
R000290,O000290,C00448,5,Muito bom,2025-01-26
R000291,O000291,C00336,4,Muito bom,2025-09-10
R000292,O000292,C00189,5,Ótima compra,2026-01-09
R000293,O000293,C00099,5,Não gostei,2025-10-04
R000294,O000294,C00341,3,Chegou rápido,2025-08-13
R000295,O000295,C00463,5,,2025-06-25
R000296,O000296,C00493,1,Ótima compra,2025-08-31
R000297,O000297,C00262,5,Produto excelente,2025-10-15
R000298,O000298,C00132,5,Ótima compra,2025-06-17
R000299,O000299,C00400,5,Produto dentro do esperado,2025-02-02
R000300,O000300,C00157,5,Muito bom,2025-10-02
R000301,O000301,C00305,3,Chegou rápido,2025-11-03
R000302,O000302,C00205,5,Produto dentro do esperado,2025-05-16
R000303,O000303,C00398,4,Produto excelente,2025-08-10
R000304,O000304,C00165,2,Produto dentro do esperado,2025-06-27
R000305,O000305,C00075,2,Ótima compra,2025-08-28
R000306,O000306,C00475,3,Não gostei,2025-04-01
R000307,O000307,C00248,5,Produto excelente,2025-11-26
R000308,O000308,C00031,3,Chegou rápido,2025-05-29
R000309,O000309,C00150,3,Muito bom,2025-12-01
R000310,O000310,C00157,3,Chegou rápido,2025-06-21
R000311,O000311,C00032,4,Ótima compra,2025-11-25
R000312,O000312,C00124,1,Muito bom,2025-10-27
R000313,O000313,C00362,1,Poderia ser melhor,2025-10-02
R000314,O000314,C00016,5,Chegou rápido,2025-06-14
R000315,O000315,C00291,1,Ótima compra,2025-11-17
R000316,O000316,C00333,2,Produto dentro do esperado,2025-07-25
R000317,O000317,C00316,5,Chegou rápido,2025-09-11
R000318,O000318,C00056,2,Chegou rápido,2025-08-25
R000319,O000319,C00021,1,Produto excelente,2025-10-19
R000320,O000320,C00424,2,Chegou rápido,2025-05-30
R000321,O000321,C00212,5,Chegou rápido,2025-06-16
R000322,O000322,C00376,3,Ótima compra,2025-03-08
R000323,O000323,C00445,5,Produto excelente,2025-03-18
R000324,O000324,C00321,5,Produto excelente,2025-04-17
R000325,O000325,C00452,1,Muito bom,2025-09-23
R000326,O000326,C00075,2,Poderia ser melhor,2025-01-26
R000327,O000327,C00384,3,Produto dentro do esperado,2025-10-28
R000328,O000328,C00035,5,Muito bom,2025-08-11
R000329,O000329,C00270,2,Chegou rápido,2025-08-06
R000330,O000330,C00353,2,Ótima compra,2025-11-08
R000331,O000331,C00414,5,Produto dentro do esperado,2025-04-06
R000332,O000332,C00435,2,Poderia ser melhor,2025-04-23
R000333,O000333,C00352,5,Ótima compra,2025-07-01
R000334,O000334,C00246,3,Não gostei,2025-09-03
R000335,O000335,C00029,2,Poderia ser melhor,2025-09-27
R000336,O000336,C00193,5,Ótima compra,2025-11-22
R000337,O000337,C00017,5,Poderia ser melhor,2025-05-30
R000338,O000338,C00248,4,Ótima compra,2025-09-27
R000339,O000339,C00371,1,Chegou rápido,2025-01-24
R000340,O000340,C00240,5,Ótima compra,2025-01-31
R000341,O000341,C00061,2,Poderia ser melhor,2025-05-23
R000342,O000342,C00126,5,Produto excelente,2025-04-10
R000343,O000343,C00183,5,Não gostei,2025-06-13
R000344,O000344,C00411,4,,2026-01-04
R000345,O000345,C00441,5,,2025-06-27
R000346,O000346,C00088,5,Produto dentro do esperado,2025-05-30
R000347,O000347,C00155,5,Não gostei,2025-10-03
R000348,O000348,C00340,5,,2025-12-23
R000349,O000349,C00254,2,Não gostei,2025-12-04
R000350,O000350,C00076,5,Muito bom,2025-12-11
R000351,O000351,C00469,5,Chegou rápido,2025-07-03
R000352,O000352,C00151,4,Não gostei,2025-02-15
R000353,O000353,C00441,3,Muito bom,2025-05-30
R000354,O000354,C00109,4,Ótima compra,2025-12-09
R000355,O000355,C00006,3,Produto dentro do esperado,2025-02-20
R000356,O000356,C00234,5,Produto excelente,2026-01-02
R000357,O000357,C00475,4,Ótima compra,2025-10-12
R000358,O000358,C00298,1,Poderia ser melhor,2025-09-12
R000359,O000359,C00265,5,Não gostei,2025-02-14
R000360,O000360,C00325,2,Ótima compra,2025-10-18
R000361,O000361,C00492,5,Não gostei,2025-06-03
R000362,O000362,C00323,3,,2025-09-13
R000363,O000363,C00249,3,Ótima compra,2025-02-19
R000364,O000364,C00440,5,Não gostei,2025-05-23
R000365,O000365,C00414,2,Não gostei,2025-04-04
R000366,O000366,C00254,5,Ótima compra,2025-08-03
R000367,O000367,C00136,5,Não gostei,2025-03-13
R000368,O000368,C00475,2,Chegou rápido,2025-08-23
R000369,O000369,C00137,2,Ótima compra,2025-02-28
R000370,O000370,C00211,5,Chegou rápido,2025-02-25
R000371,O000371,C00439,1,Não gostei,2025-11-14
R000372,O000372,C00394,1,Chegou rápido,2025-08-18
R000373,O000373,C00226,4,Ótima compra,2025-02-09
R000374,O000374,C00330,5,Produto dentro do esperado,2025-03-02
R000375,O000375,C00341,3,Produto dentro do esperado,2025-07-30
R000376,O000376,C00489,3,Ótima compra,2025-12-28
R000377,O000377,C00431,3,Ótima compra,2025-08-28
R000378,O000378,C00044,5,Produto excelente,2025-11-27
R000379,O000379,C00277,5,Muito bom,2025-12-03
R000380,O000380,C00297,5,Chegou rápido,2025-05-05
R000381,O000381,C00024,5,,2025-05-15
R000382,O000382,C00303,5,Produto dentro do esperado,2025-02-12
R000383,O000383,C00412,5,Muito bom,2025-04-21
R000384,O000384,C00190,1,Não gostei,2025-10-25
R000385,O000385,C00451,2,Muito bom,2025-09-09
R000386,O000386,C00356,4,Produto dentro do esperado,2025-09-13
R000387,O000387,C00093,4,Muito bom,2025-09-14
R000388,O000388,C00121,2,Produto excelente,2025-04-17
R000389,O000389,C00321,5,Produto dentro do esperado,2025-12-12
R000390,O000390,C00091,2,Ótima compra,2025-03-24
R000391,O000391,C00172,4,Chegou rápido,2025-11-25
R000392,O000392,C00383,5,Produto excelente,2025-12-15
R000393,O000393,C00038,3,Ótima compra,2025-09-13
R000394,O000394,C00199,4,Produto excelente,2025-07-20
R000395,O000395,C00070,2,Ótima compra,2025-03-10
R000396,O000396,C00439,3,Produto dentro do esperado,2025-09-27
R000397,O000397,C00168,2,Muito bom,2025-08-16
R000398,O000398,C00272,4,Produto dentro do esperado,2025-07-31
R000399,O000399,C00375,5,Poderia ser melhor,2025-08-10
R000400,O000400,C00293,5,,2025-11-02
R000401,O000401,C00219,2,Não gostei,2025-05-30
R000402,O000402,C00057,3,Chegou rápido,2025-07-28
R000403,O000403,C00364,5,Chegou rápido,2025-04-22
R000404,O000404,C00460,5,Poderia ser melhor,2025-05-23
R000405,O000405,C00345,5,Ótima compra,2025-12-25
R000406,O000406,C00148,5,Produto dentro do esperado,2025-02-19
R000407,O000407,C00178,1,,2025-08-07
R000408,O000408,C00486,5,Poderia ser melhor,2025-09-25
R000409,O000409,C00248,2,Ótima compra,2025-07-24
R000410,O000410,C00474,5,Poderia ser melhor,2025-04-02
R000411,O000411,C00134,5,Muito bom,2025-07-20
R000412,O000412,C00500,1,Chegou rápido,2025-04-05
R000413,O000413,C00476,4,Ótima compra,2025-06-25
R000414,O000414,C00246,3,,2025-01-23
R000415,O000415,C00183,5,Ótima compra,2025-02-25
R000416,O000416,C00344,5,Produto excelente,2025-02-21
R000417,O000417,C00158,5,Produto dentro do esperado,2025-08-21
R000418,O000418,C00227,3,Produto dentro do esperado,2025-06-07
R000419,O000419,C00004,1,Produto excelente,2025-07-31
R000420,O000420,C00300,4,Muito bom,2025-06-08
R000421,O000421,C00062,3,Produto excelente,2025-05-24
R000422,O000422,C00133,4,Produto dentro do esperado,2025-11-28
R000423,O000423,C00298,5,Poderia ser melhor,2025-02-11
R000424,O000424,C00049,5,Produto excelente,2025-11-16
R000425,O000425,C00074,5,Muito bom,2025-01-11
R000426,O000426,C00236,2,Produto dentro do esperado,2025-02-14
R000427,O000427,C00364,3,Produto dentro do esperado,2025-06-13
R000428,O000428,C00065,5,Ótima compra,2025-05-02
R000429,O000429,C00221,4,Produto dentro do esperado,2025-02-02
R000430,O000430,C00466,3,Muito bom,2025-05-15
R000431,O000431,C00383,1,Poderia ser melhor,2025-05-25
R000432,O000432,C00099,5,Produto excelente,2025-05-27
R000433,O000433,C00358,5,Ótima compra,2025-11-06
R000434,O000434,C00264,5,Produto dentro do esperado,2025-04-28
R000435,O000435,C00146,1,Poderia ser melhor,2025-09-06
R000436,O000436,C00189,5,Muito bom,2025-04-04
R000437,O000437,C00103,4,Produto excelente,2025-11-06
R000438,O000438,C00262,5,Muito bom,2025-06-05
R000439,O000439,C00348,1,Produto excelente,2025-07-01
R000440,O000440,C00239,3,Chegou rápido,2025-04-29
R000441,O000441,C00019,1,Chegou rápido,2025-01-26
R000442,O000442,C00288,5,Ótima compra,2025-04-05
R000443,O000443,C00457,4,Muito bom,2025-11-24
R000444,O000444,C00126,5,Produto excelente,2025-05-19
R000445,O000445,C00264,1,Produto excelente,2025-08-08
R000446,O000446,C00315,3,Chegou rápido,2025-06-05
R000447,O000447,C00433,5,Produto dentro do esperado,2025-10-29
R000448,O000448,C00340,5,Não gostei,2025-10-09
R000449,O000449,C00480,5,Poderia ser melhor,2025-12-08
R000450,O000450,C00105,2,Produto excelente,2025-08-04
R000451,O000451,C00249,3,Produto dentro do esperado,2025-10-16
R000452,O000452,C00011,4,Produto excelente,2025-02-10
R000453,O000453,C00344,4,Muito bom,2025-12-11
R000454,O000454,C00308,5,Muito bom,2025-03-08
R000455,O000455,C00210,5,Ótima compra,2025-05-12
R000456,O000456,C00280,1,Não gostei,2025-08-18
R000457,O000457,C00331,4,Muito bom,2025-11-21
R000458,O000458,C00328,5,Muito bom,2026-01-07
R000459,O000459,C00466,4,Muito bom,2025-07-25
R000460,O000460,C00018,2,Muito bom,2025-05-31
R000461,O000461,C00356,5,Poderia ser melhor,2025-01-30
R000462,O000462,C00043,5,Produto excelente,2025-03-01
R000463,O000463,C00304,3,,2025-06-28
R000464,O000464,C00332,5,Produto excelente,2025-11-13
R000465,O000465,C00206,5,Muito bom,2025-11-18
R000466,O000466,C00115,1,Muito bom,2025-04-18
R000467,O000467,C00075,5,,2025-01-29
R000468,O000468,C00204,5,Poderia ser melhor,2025-12-24
R000469,O000469,C00130,2,,2025-10-01
R000470,O000470,C00068,5,Muito bom,2025-02-28
R000471,O000471,C00162,5,Produto dentro do esperado,2025-09-16
R000472,O000472,C00094,4,Não gostei,2025-01-27
R000473,O000473,C00253,4,Poderia ser melhor,2025-03-13
R000474,O000474,C00457,4,Produto dentro do esperado,2025-12-16
R000475,O000475,C00394,1,Produto dentro do esperado,2025-09-22
R000476,O000476,C00363,5,Muito bom,2025-12-05
R000477,O000477,C00442,5,,2025-01-30
R000478,O000478,C00011,5,Muito bom,2025-04-28
R000479,O000479,C00189,4,Muito bom,2025-10-03
R000480,O000480,C00115,5,Poderia ser melhor,2025-12-01
R000481,O000481,C00245,2,Chegou rápido,2025-06-05
R000482,O000482,C00263,3,Poderia ser melhor,2025-03-12
R000483,O000483,C00043,1,Muito bom,2025-08-14
R000484,O000484,C00310,2,Muito bom,2025-05-28
R000485,O000485,C00088,3,Produto dentro do esperado,2025-12-08
R000486,O000486,C00065,1,Ótima compra,2025-03-21
R000487,O000487,C00247,5,Ótima compra,2025-12-10
R000488,O000488,C00217,2,Ótima compra,2025-01-14
R000489,O000489,C00292,4,Poderia ser melhor,2025-08-03
R000490,O000490,C00254,3,Não gostei,2025-10-27
R000491,O000491,C00010,3,Chegou rápido,2025-08-18
R000492,O000492,C00254,5,,2025-11-27
R000493,O000493,C00437,3,Muito bom,2025-12-04
R000494,O000494,C00384,2,Não gostei,2025-02-19
R000495,O000495,C00121,4,Muito bom,2025-05-03
R000496,O000496,C00424,5,,2025-09-25
R000497,O000497,C00115,5,Poderia ser melhor,2025-09-16
R000498,O000498,C00026,5,Não gostei,2025-08-20
R000499,O000499,C00288,4,Poderia ser melhor,2025-01-31
R000500,O000500,C00446,5,Produto dentro do esperado,2025-02-21
R000501,O000501,C00137,1,Não gostei,2025-07-12
R000502,O000502,C00227,5,Não gostei,2025-03-23
R000503,O000503,C00032,4,Não gostei,2025-08-01
R000504,O000504,C00206,4,Produto dentro do esperado,2025-12-21
R000505,O000505,C00320,3,Poderia ser melhor,2025-11-28
R000506,O000506,C00277,2,Chegou rápido,2025-06-03
R000507,O000507,C00217,5,Muito bom,2025-09-24
R000508,O000508,C00025,2,Ótima compra,2025-12-07
R000509,O000509,C00342,2,Não gostei,2025-10-28
R000510,O000510,C00110,3,Produto excelente,2025-08-22
R000511,O000511,C00066,4,Produto excelente,2025-09-14
R000512,O000512,C00081,1,Produto excelente,2025-10-16
R000513,O000513,C00149,3,Poderia ser melhor,2025-01-23
R000514,O000514,C00406,5,Produto dentro do esperado,2025-03-16
R000515,O000515,C00232,5,Ótima compra,2025-07-01
R000516,O000516,C00120,5,Ótima compra,2025-08-05
R000517,O000517,C00085,2,Poderia ser melhor,2025-12-30
R000518,O000518,C00244,5,,2025-09-28
R000519,O000519,C00403,5,Muito bom,2025-05-01
R000520,O000520,C00059,1,Produto excelente,2025-03-03
R000521,O000521,C00366,5,Ótima compra,2025-02-06
R000522,O000522,C00483,5,Produto excelente,2025-03-14
R000523,O000523,C00032,3,Muito bom,2025-06-20
R000524,O000524,C00209,2,Chegou rápido,2025-08-18
R000525,O000525,C00232,4,Ótima compra,2025-01-25
R000526,O000526,C00431,2,Muito bom,2025-09-21
R000527,O000527,C00285,3,Chegou rápido,2025-05-27
R000528,O000528,C00126,2,Chegou rápido,2025-12-15
R000529,O000529,C00285,2,Chegou rápido,2025-12-26
R000530,O000530,C00091,5,Chegou rápido,2025-12-28
R000531,O000531,C00011,1,Poderia ser melhor,2025-06-01
R000532,O000532,C00101,3,Chegou rápido,2025-12-02
R000533,O000533,C00034,2,Não gostei,2025-03-17
R000534,O000534,C00287,5,Poderia ser melhor,2025-08-22
R000535,O000535,C00115,1,Poderia ser melhor,2025-01-27
R000536,O000536,C00169,1,Poderia ser melhor,2025-06-17
R000537,O000537,C00129,5,Muito bom,2025-05-11
R000538,O000538,C00049,3,Muito bom,2025-11-29
R000539,O000539,C00456,1,Produto dentro do esperado,2025-12-28
R000540,O000540,C00029,5,Produto excelente,2025-10-28
R000541,O000541,C00265,5,Não gostei,2025-06-22
R000542,O000542,C00065,3,,2025-12-08
R000543,O000543,C00299,2,Chegou rápido,2025-10-18
R000544,O000544,C00122,5,Chegou rápido,2025-10-02
R000545,O000545,C00036,5,Produto excelente,2025-07-07
R000546,O000546,C00113,4,Poderia ser melhor,2025-01-04
R000547,O000547,C00205,5,Não gostei,2025-04-13
R000548,O000548,C00149,5,Produto excelente,2025-08-24
R000549,O000549,C00101,5,,2025-01-21
R000550,O000550,C00415,2,Produto excelente,2025-07-13
R000551,O000551,C00316,5,Produto excelente,2025-11-11
R000552,O000552,C00241,1,Produto excelente,2025-12-21
R000553,O000553,C00165,3,Muito bom,2026-01-10
R000554,O000554,C00456,3,Não gostei,2025-07-17
R000555,O000555,C00231,3,Muito bom,2025-09-07
R000556,O000556,C00257,3,Chegou rápido,2025-10-03
R000557,O000557,C00020,5,Muito bom,2025-10-22
R000558,O000558,C00310,5,Poderia ser melhor,2025-03-17
R000559,O000559,C00204,4,Ótima compra,2025-05-10
R000560,O000560,C00044,4,Poderia ser melhor,2025-06-22
R000561,O000561,C00116,5,Chegou rápido,2025-08-12
R000562,O000562,C00105,1,Chegou rápido,2025-07-22
R000563,O000563,C00102,5,Produto dentro do esperado,2025-02-06
R000564,O000564,C00381,4,Produto dentro do esperado,2025-02-18
R000565,O000565,C00104,3,,2025-09-30
R000566,O000566,C00047,5,Produto excelente,2025-06-08
R000567,O000567,C00292,2,,2025-02-27
R000568,O000568,C00470,5,Muito bom,2025-02-15
R000569,O000569,C00393,2,Muito bom,2025-06-20
R000570,O000570,C00176,5,,2025-07-29
R000571,O000571,C00242,2,Ótima compra,2025-06-02
R000572,O000572,C00344,5,Produto excelente,2025-01-12
R000573,O000573,C00025,5,Não gostei,2025-12-01
R000574,O000574,C00396,3,Não gostei,2025-07-28
R000575,O000575,C00099,4,Não gostei,2025-12-25
R000576,O000576,C00168,5,Poderia ser melhor,2025-06-27
R000577,O000577,C00166,5,Produto excelente,2025-04-08
R000578,O000578,C00155,5,Poderia ser melhor,2025-11-06
R000579,O000579,C00167,5,Produto excelente,2025-12-04
R000580,O000580,C00312,4,Ótima compra,2025-11-06
R000581,O000581,C00122,5,Produto excelente,2025-08-20
R000582,O000582,C00193,3,Não gostei,2025-04-30
R000583,O000583,C00403,2,Ótima compra,2025-01-22
R000584,O000584,C00447,4,Muito bom,2025-07-27
R000585,O000585,C00065,1,Ótima compra,2025-02-22
R000586,O000586,C00091,4,,2025-11-11
R000587,O000587,C00313,2,,2025-08-23
R000588,O000588,C00288,3,Não gostei,2025-11-15
R000589,O000589,C00497,1,Muito bom,2025-07-18
R000590,O000590,C00395,3,Chegou rápido,2025-07-06
R000591,O000591,C00310,4,Muito bom,2025-09-06
R000592,O000592,C00365,2,Ótima compra,2025-07-27
R000593,O000593,C00219,5,Muito bom,2025-05-15
R000594,O000594,C00158,5,Produto excelente,2025-01-07
R000595,O000595,C00486,3,Produto dentro do esperado,2025-03-09
R000596,O000596,C00321,1,Poderia ser melhor,2025-11-20
R000597,O000597,C00249,4,Ótima compra,2025-12-21
R000598,O000598,C00109,5,Chegou rápido,2025-10-06
R000599,O000599,C00341,5,Ótima compra,2025-07-29
R000600,O000600,C00446,3,Poderia ser melhor,2026-01-01
R000601,O000601,C00232,5,,2025-11-27
R000602,O000602,C00379,2,Não gostei,2025-11-23
R000603,O000603,C00267,5,Produto excelente,2025-10-29
R000604,O000604,C00459,3,Chegou rápido,2025-08-21
R000605,O000605,C00369,5,Chegou rápido,2025-05-27
R000606,O000606,C00408,3,Chegou rápido,2025-12-25
R000607,O000607,C00329,3,Produto excelente,2025-10-28
R000608,O000608,C00296,1,Poderia ser melhor,2025-01-03
R000609,O000609,C00340,4,Chegou rápido,2025-11-10
R000610,O000610,C00418,1,Não gostei,2025-06-07
R000611,O000611,C00150,2,Ótima compra,2026-01-06
R000612,O000612,C00376,1,Não gostei,2025-05-05
R000613,O000613,C00418,3,Não gostei,2025-12-12
R000614,O000614,C00037,3,Produto excelente,2025-10-05
R000615,O000615,C00479,2,,2026-01-09
R000616,O000616,C00334,5,Ótima compra,2025-01-06
R000617,O000617,C00431,2,Poderia ser melhor,2025-03-31
R000618,O000618,C00264,3,,2025-11-30
R000619,O000619,C00238,2,Produto dentro do esperado,2025-12-03
R000620,O000620,C00304,5,Chegou rápido,2025-04-13
R000621,O000621,C00386,5,Não gostei,2025-04-28
R000622,O000622,C00229,5,Poderia ser melhor,2025-06-16
R000623,O000623,C00153,2,Produto dentro do esperado,2025-07-20
R000624,O000624,C00274,1,Não gostei,2025-08-27
R000625,O000625,C00309,5,Chegou rápido,2025-10-19
R000626,O000626,C00347,4,Produto dentro do esperado,2025-08-07
R000627,O000627,C00191,3,Produto excelente,2025-10-31
R000628,O000628,C00273,5,Chegou rápido,2025-03-08
R000629,O000629,C00474,4,Ótima compra,2025-03-08
R000630,O000630,C00163,5,Muito bom,2025-07-27
R000631,O000631,C00399,2,Muito bom,2025-05-16
R000632,O000632,C00209,3,Chegou rápido,2025-06-20
R000633,O000633,C00030,2,Chegou rápido,2025-02-14
R000634,O000634,C00098,3,Muito bom,2025-01-11
R000635,O000635,C00039,4,Chegou rápido,2025-07-22
R000636,O000636,C00154,1,Não gostei,2025-09-16
R000637,O000637,C00457,2,Chegou rápido,2025-11-28
R000638,O000638,C00055,4,Ótima compra,2025-01-13
R000639,O000639,C00064,2,,2025-09-21
R000640,O000640,C00072,5,Produto excelente,2025-07-08
R000641,O000641,C00021,2,Chegou rápido,2025-03-24
R000642,O000642,C00385,3,Produto excelente,2025-07-28
R000643,O000643,C00246,1,Produto dentro do esperado,2025-06-08
R000644,O000644,C00144,2,Produto excelente,2025-03-05
R000645,O000645,C00438,5,Não gostei,2025-10-31
R000646,O000646,C00316,2,Chegou rápido,2025-04-14
R000647,O000647,C00173,4,Muito bom,2025-08-18
R000648,O000648,C00147,5,Produto excelente,2025-09-01
R000649,O000649,C00156,5,Produto dentro do esperado,2025-03-10
R000650,O000650,C00399,2,Produto dentro do esperado,2025-11-04
R000651,O000651,C00361,5,Produto dentro do esperado,2025-08-25
R000652,O000652,C00104,5,,2025-10-03
R000653,O000653,C00437,5,Produto excelente,2025-10-15
R000654,O000654,C00141,1,Produto excelente,2025-12-26
R000655,O000655,C00225,5,Não gostei,2025-09-25
R000656,O000656,C00437,1,Ótima compra,2025-04-26
R000657,O000657,C00405,2,Não gostei,2025-02-03
R000658,O000658,C00043,5,Poderia ser melhor,2026-01-09
R000659,O000659,C00132,4,Muito bom,2025-01-18
R000660,O000660,C00321,5,Não gostei,2025-11-27
R000661,O000661,C00229,5,Poderia ser melhor,2025-04-30
R000662,O000662,C00084,5,,2025-04-11
R000663,O000663,C00270,5,Chegou rápido,2025-03-16
R000664,O000664,C00007,1,Poderia ser melhor,2025-12-09
R000665,O000665,C00055,5,Não gostei,2025-10-17
R000666,O000666,C00355,5,Produto dentro do esperado,2025-05-20
R000667,O000667,C00262,5,Produto dentro do esperado,2025-08-03
R000668,O000668,C00453,4,,2025-03-07
R000669,O000669,C00185,5,Muito bom,2025-02-18
R000670,O000670,C00419,3,Ótima compra,2025-06-01
R000671,O000671,C00465,4,Poderia ser melhor,2026-01-14
R000672,O000672,C00076,2,,2025-07-20
R000673,O000673,C00407,5,Muito bom,2025-12-02
R000674,O000674,C00043,3,Não gostei,2025-10-29
R000675,O000675,C00472,5,Muito bom,2025-03-13
R000676,O000676,C00108,1,,2025-05-03
R000677,O000677,C00028,4,Ótima compra,2026-01-07
R000678,O000678,C00188,4,Não gostei,2025-03-15
R000679,O000679,C00381,3,Chegou rápido,2025-03-24
R000680,O000680,C00385,4,Ótima compra,2025-04-01
R000681,O000681,C00365,2,Produto excelente,2025-05-26
R000682,O000682,C00095,5,Chegou rápido,2025-10-23
R000683,O000683,C00195,1,Não gostei,2025-04-03
R000684,O000684,C00109,5,Produto excelente,2025-11-09
R000685,O000685,C00025,5,Muito bom,2025-06-24
R000686,O000686,C00346,5,Produto excelente,2025-02-22
R000687,O000687,C00301,2,Produto dentro do esperado,2025-01-22
R000688,O000688,C00349,5,Muito bom,2025-12-08
R000689,O000689,C00403,4,,2025-03-10
R000690,O000690,C00322,4,,2025-09-23
R000691,O000691,C00049,4,Produto dentro do esperado,2025-08-27
R000692,O000692,C00449,2,Chegou rápido,2025-08-18
R000693,O000693,C00188,2,,2025-09-22
R000694,O000694,C00421,5,Não gostei,2025-10-25
R000695,O000695,C00199,2,Muito bom,2025-09-08
R000696,O000696,C00169,2,Ótima compra,2025-02-17
R000697,O000697,C00480,5,Poderia ser melhor,2025-07-16
R000698,O000698,C00215,5,Não gostei,2025-10-03
R000699,O000699,C00275,2,,2025-12-21
R000700,O000700,C00078,1,Poderia ser melhor,2025-09-06
R000701,O000701,C00112,2,Poderia ser melhor,2025-04-11
R000702,O000702,C00417,1,Produto excelente,2025-07-07
R000703,O000703,C00499,5,Produto dentro do esperado,2025-06-29
R000704,O000704,C00338,5,Não gostei,2026-01-01
R000705,O000705,C00255,2,Chegou rápido,2025-11-30
R000706,O000706,C00149,2,Muito bom,2025-08-08
R000707,O000707,C00115,2,Poderia ser melhor,2025-09-24
R000708,O000708,C00419,3,Ótima compra,2025-09-30
R000709,O000709,C00478,5,Produto dentro do esperado,2025-10-26
R000710,O000710,C00284,4,Poderia ser melhor,2025-03-25
R000711,O000711,C00196,4,Produto dentro do esperado,2025-01-26
R000712,O000712,C00275,5,,2025-05-13
R000713,O000713,C00135,3,Muito bom,2025-04-18
R000714,O000714,C00466,3,Produto dentro do esperado,2025-09-03
R000715,O000715,C00178,5,Chegou rápido,2025-09-06
R000716,O000716,C00311,1,Muito bom,2025-01-29
R000717,O000717,C00141,3,Produto excelente,2025-09-18
R000718,O000718,C00415,4,Não gostei,2025-09-14
R000719,O000719,C00453,5,Ótima compra,2025-08-24
R000720,O000720,C00456,3,Chegou rápido,2025-01-25
R000721,O000721,C00405,4,Produto dentro do esperado,2025-04-20
R000722,O000722,C00005,3,Muito bom,2025-06-26
R000723,O000723,C00143,2,,2025-11-11
R000724,O000724,C00417,3,Não gostei,2025-06-19
R000725,O000725,C00062,2,Produto dentro do esperado,2025-03-13
R000726,O000726,C00459,5,Não gostei,2025-10-12
R000727,O000727,C00411,4,Não gostei,2025-08-16
R000728,O000728,C00329,5,Ótima compra,2025-03-14
R000729,O000729,C00166,4,Ótima compra,2025-12-24
R000730,O000730,C00453,5,,2025-02-01
R000731,O000731,C00442,3,Ótima compra,2025-03-20
R000732,O000732,C00043,2,Poderia ser melhor,2025-07-14
R000733,O000733,C00007,5,Poderia ser melhor,2025-12-22
R000734,O000734,C00113,3,Muito bom,2025-07-07
R000735,O000735,C00057,3,Ótima compra,2025-05-15
R000736,O000736,C00226,2,Não gostei,2025-05-21
R000737,O000737,C00097,4,Chegou rápido,2025-08-05
R000738,O000738,C00137,4,Não gostei,2025-05-10
R000739,O000739,C00202,5,Não gostei,2025-03-07
R000740,O000740,C00157,1,Chegou rápido,2026-01-02
R000741,O000741,C00452,5,Produto excelente,2025-02-23
R000742,O000742,C00127,4,Chegou rápido,2025-09-12
R000743,O000743,C00076,4,Ótima compra,2025-03-02
R000744,O000744,C00171,4,Chegou rápido,2025-10-03
R000745,O000745,C00106,2,Não gostei,2025-02-27
R000746,O000746,C00159,1,,2025-04-18
R000747,O000747,C00349,5,Produto dentro do esperado,2025-03-23
R000748,O000748,C00251,5,Poderia ser melhor,2025-06-20
R000749,O000749,C00139,2,Muito bom,2025-03-18
R000750,O000750,C00348,5,Muito bom,2025-11-28
R000751,O000751,C00070,4,Não gostei,2025-08-17
R000752,O000752,C00161,1,Chegou rápido,2025-09-18
R000753,O000753,C00465,5,Produto dentro do esperado,2025-06-09
R000754,O000754,C00028,4,,2025-02-22
R000755,O000755,C00170,5,Produto excelente,2025-02-06
R000756,O000756,C00115,3,,2025-12-24
R000757,O000757,C00001,5,,2025-04-03
R000758,O000758,C00427,2,Não gostei,2025-09-18
R000759,O000759,C00121,5,Poderia ser melhor,2025-10-19
R000760,O000760,C00149,5,Produto excelente,2025-06-06
R000761,O000761,C00331,1,Produto dentro do esperado,2025-12-04
R000762,O000762,C00033,5,Chegou rápido,2025-04-02
R000763,O000763,C00493,3,,2025-09-08
R000764,O000764,C00317,5,Chegou rápido,2025-08-08
R000765,O000765,C00479,2,Produto dentro do esperado,2025-12-22
R000766,O000766,C00457,5,Chegou rápido,2025-07-28
R000767,O000767,C00069,1,Poderia ser melhor,2025-11-29
R000768,O000768,C00271,1,Ótima compra,2025-04-17
R000769,O000769,C00072,4,,2025-01-04
R000770,O000770,C00461,4,Produto dentro do esperado,2025-10-21
R000771,O000771,C00041,5,Produto dentro do esperado,2025-03-18
R000772,O000772,C00361,2,Ótima compra,2025-07-07
R000773,O000773,C00317,1,Muito bom,2025-02-01
R000774,O000774,C00216,2,Chegou rápido,2025-05-15
R000775,O000775,C00340,5,Produto excelente,2025-02-16
R000776,O000776,C00037,5,Poderia ser melhor,2025-08-11
R000777,O000777,C00022,3,Chegou rápido,2025-03-02
R000778,O000778,C00397,5,Poderia ser melhor,2025-04-24
R000779,O000779,C00100,5,Produto dentro do esperado,2025-06-29
R000780,O000780,C00383,5,Produto dentro do esperado,2025-10-09
R000781,O000781,C00065,5,,2025-08-24
R000782,O000782,C00067,5,Ótima compra,2025-11-08
R000783,O000783,C00362,5,Chegou rápido,2025-07-14
R000784,O000784,C00458,5,Ótima compra,2025-05-25
R000785,O000785,C00041,5,Muito bom,2025-04-27
R000786,O000786,C00226,2,Ótima compra,2025-11-30
R000787,O000787,C00424,5,Não gostei,2025-02-24
R000788,O000788,C00466,5,Poderia ser melhor,2025-11-18
R000789,O000789,C00374,3,Ótima compra,2025-02-14
R000790,O000790,C00465,5,Chegou rápido,2025-01-09
R000791,O000791,C00335,5,Não gostei,2025-11-23
R000792,O000792,C00327,4,Poderia ser melhor,2025-10-22
R000793,O000793,C00226,5,Produto excelente,2025-04-05
R000794,O000794,C00351,5,Produto dentro do esperado,2025-09-20
R000795,O000795,C00121,3,Não gostei,2025-07-12
R000796,O000796,C00500,5,Muito bom,2025-08-12
R000797,O000797,C00161,5,Produto dentro do esperado,2025-09-25
R000798,O000798,C00290,1,Produto excelente,2025-09-17
R000799,O000799,C00125,1,Não gostei,2025-07-10
R000800,O000800,C00335,4,Muito bom,2025-09-13
R000801,O000801,C00061,3,Produto excelente,2025-02-20
R000802,O000802,C00135,1,Produto dentro do esperado,2025-10-20
R000803,O000803,C00286,5,Produto excelente,2025-05-09
R000804,O000804,C00024,3,Muito bom,2025-02-08
R000805,O000805,C00393,3,Produto excelente,2025-11-03
R000806,O000806,C00333,2,Muito bom,2025-08-27
R000807,O000807,C00166,4,Ótima compra,2025-07-31
R000808,O000808,C00451,5,Não gostei,2025-11-14
R000809,O000809,C00342,5,Produto dentro do esperado,2025-06-06
R000810,O000810,C00251,3,Produto dentro do esperado,2025-01-23
R000811,O000811,C00456,5,Muito bom,2025-08-15
R000812,O000812,C00412,5,Produto dentro do esperado,2025-02-18
R000813,O000813,C00353,3,,2025-06-17
R000814,O000814,C00431,3,Produto excelente,2025-10-17
R000815,O000815,C00193,1,Produto excelente,2025-04-25
R000816,O000816,C00223,4,Não gostei,2025-02-11
R000817,O000817,C00179,3,,2025-09-07
R000818,O000818,C00183,4,,2025-10-15
R000819,O000819,C00127,3,Produto excelente,2025-12-08
R000820,O000820,C00413,5,Produto excelente,2025-09-11
R000821,O000821,C00346,4,Muito bom,2025-06-19
R000822,O000822,C00313,5,Produto dentro do esperado,2025-06-26
R000823,O000823,C00361,5,Muito bom,2025-06-27
R000824,O000824,C00430,1,Muito bom,2025-10-08
R000825,O000825,C00019,5,Ótima compra,2025-01-18
R000826,O000826,C00013,5,Ótima compra,2025-04-30
R000827,O000827,C00044,1,,2025-02-23
R000828,O000828,C00141,5,Ótima compra,2025-08-31
R000829,O000829,C00009,3,Produto dentro do esperado,2025-09-23
R000830,O000830,C00160,2,Chegou rápido,2025-06-27
R000831,O000831,C00128,1,,2025-02-26
R000832,O000832,C00003,1,Não gostei,2025-06-01
R000833,O000833,C00066,1,Não gostei,2025-01-16
R000834,O000834,C00454,2,Não gostei,2025-08-10
R000835,O000835,C00333,3,Não gostei,2025-04-06
R000836,O000836,C00475,5,Muito bom,2025-03-21
R000837,O000837,C00081,3,Ótima compra,2025-02-10
R000838,O000838,C00320,4,Chegou rápido,2025-08-04
R000839,O000839,C00409,3,Produto dentro do esperado,2025-10-01
R000840,O000840,C00315,2,Produto dentro do esperado,2025-03-27
R000841,O000841,C00397,5,Chegou rápido,2025-07-22
R000842,O000842,C00227,2,Ótima compra,2025-09-15
R000843,O000843,C00316,5,Chegou rápido,2025-10-16
R000844,O000844,C00301,4,,2025-06-14
R000845,O000845,C00321,5,Produto excelente,2025-02-01
R000846,O000846,C00089,5,Não gostei,2025-09-09
R000847,O000847,C00377,5,Poderia ser melhor,2025-04-16
R000848,O000848,C00440,4,Ótima compra,2025-10-15
R000849,O000849,C00370,4,Produto dentro do esperado,2025-07-08
R000850,O000850,C00326,5,Produto dentro do esperado,2025-01-03
R000851,O000851,C00163,2,Não gostei,2025-11-03
R000852,O000852,C00042,2,,2025-05-10
R000853,O000853,C00290,4,Ótima compra,2025-06-18
R000854,O000854,C00297,5,Produto dentro do esperado,2025-07-11
R000855,O000855,C00176,3,Muito bom,2026-01-05
R000856,O000856,C00301,3,Produto excelente,2025-06-18
R000857,O000857,C00157,3,Chegou rápido,2025-04-08
R000858,O000858,C00428,5,Não gostei,2025-05-10
R000859,O000859,C00138,4,Muito bom,2025-10-27
R000860,O000860,C00385,1,,2025-03-27
R000861,O000861,C00453,2,Produto excelente,2025-04-08
R000862,O000862,C00351,5,,2025-10-15
R000863,O000863,C00125,5,Produto excelente,2025-03-02
R000864,O000864,C00251,4,Produto dentro do esperado,2025-12-18
R000865,O000865,C00186,5,Chegou rápido,2025-07-02
R000866,O000866,C00256,5,,2025-04-15
R000867,O000867,C00084,4,Muito bom,2025-07-25
R000868,O000868,C00442,5,Poderia ser melhor,2025-07-30
R000869,O000869,C00233,3,Chegou rápido,2025-01-18
R000870,O000870,C00092,5,,2025-08-17
R000871,O000871,C00021,5,Ótima compra,2025-03-08
R000872,O000872,C00326,1,Produto excelente,2025-01-20
R000873,O000873,C00177,4,Muito bom,2025-08-26
R000874,O000874,C00191,1,Produto excelente,2025-02-03
R000875,O000875,C00206,2,Poderia ser melhor,2025-01-15
R000876,O000876,C00410,2,Poderia ser melhor,2025-02-06
R000877,O000877,C00107,3,,2025-01-14
R000878,O000878,C00033,5,Produto excelente,2025-11-16
R000879,O000879,C00200,5,,2025-05-25
R000880,O000880,C00383,5,,2025-10-07
R000881,O000881,C00499,1,Ótima compra,2025-06-10
R000882,O000882,C00210,1,,2025-07-02
R000883,O000883,C00388,4,Não gostei,2025-09-07
R000884,O000884,C00097,5,Ótima compra,2025-11-28
R000885,O000885,C00313,5,Ótima compra,2025-05-15
R000886,O000886,C00480,5,,2026-01-07
R000887,O000887,C00257,3,Produto excelente,2025-12-05
R000888,O000888,C00198,5,Ótima compra,2025-02-15
R000889,O000889,C00416,5,Produto dentro do esperado,2025-07-27
R000890,O000890,C00404,3,Poderia ser melhor,2025-03-06
R000891,O000891,C00136,1,Não gostei,2025-02-22
R000892,O000892,C00134,2,Poderia ser melhor,2025-06-28
R000893,O000893,C00484,5,Ótima compra,2025-04-03
R000894,O000894,C00117,5,Não gostei,2025-01-19
R000895,O000895,C00080,5,,2025-11-07
R000896,O000896,C00485,2,Chegou rápido,2025-02-06
R000897,O000897,C00383,5,Muito bom,2025-10-06
R000898,O000898,C00493,1,Poderia ser melhor,2025-10-05
R000899,O000899,C00132,5,Produto excelente,2025-04-12
R000900,O000900,C00381,1,Não gostei,2025-04-20
R000901,O000901,C00117,3,,2025-05-16
R000902,O000902,C00250,2,Ótima compra,2025-06-04
R000903,O000903,C00324,5,Muito bom,2025-04-07
R000904,O000904,C00004,4,Muito bom,2025-06-15
R000905,O000905,C00119,3,Produto excelente,2025-05-02
R000906,O000906,C00203,5,Muito bom,2025-03-30
R000907,O000907,C00478,1,Ótima compra,2025-05-27
R000908,O000908,C00482,5,Chegou rápido,2025-08-02
R000909,O000909,C00196,1,Produto excelente,2025-06-25
R000910,O000910,C00371,1,Chegou rápido,2025-09-10
R000911,O000911,C00276,3,Produto dentro do esperado,2025-07-20
R000912,O000912,C00103,3,,2025-10-30
R000913,O000913,C00396,3,,2025-02-18
R000914,O000914,C00347,5,Produto dentro do esperado,2025-12-31
R000915,O000915,C00250,3,Poderia ser melhor,2025-02-03
R000916,O000916,C00492,5,Produto dentro do esperado,2025-09-22
R000917,O000917,C00263,4,Muito bom,2025-02-24
R000918,O000918,C00271,2,Muito bom,2025-12-26
R000919,O000919,C00235,5,Ótima compra,2025-12-09
R000920,O000920,C00066,5,Muito bom,2025-10-18
R000921,O000921,C00156,3,Ótima compra,2025-03-29
R000922,O000922,C00026,5,Ótima compra,2025-08-28
R000923,O000923,C00388,4,Poderia ser melhor,2025-04-29
R000924,O000924,C00216,5,Produto dentro do esperado,2025-08-06
R000925,O000925,C00334,2,Produto excelente,2025-06-18
R000926,O000926,C00374,2,Muito bom,2025-12-06
R000927,O000927,C00266,5,Chegou rápido,2025-04-04
R000928,O000928,C00415,5,Ótima compra,2025-12-16
R000929,O000929,C00321,3,Chegou rápido,2025-07-24
R000930,O000930,C00194,5,Chegou rápido,2025-11-08
R000931,O000931,C00213,4,Não gostei,2025-10-07
R000932,O000932,C00166,5,Chegou rápido,2025-12-15
R000933,O000933,C00113,4,Chegou rápido,2025-09-26
R000934,O000934,C00116,1,Produto excelente,2025-05-22
R000935,O000935,C00075,1,Chegou rápido,2025-10-25
R000936,O000936,C00008,5,Ótima compra,2025-03-26
R000937,O000937,C00110,1,Muito bom,2025-08-26
R000938,O000938,C00266,5,Ótima compra,2025-05-28
R000939,O000939,C00448,1,Não gostei,2025-06-29
R000940,O000940,C00308,5,Produto excelente,2025-03-28
R000941,O000941,C00082,5,Não gostei,2025-02-26
R000942,O000942,C00026,2,Chegou rápido,2025-08-02
R000943,O000943,C00387,1,Ótima compra,2025-08-10
R000944,O000944,C00494,2,Produto excelente,2025-06-06
R000945,O000945,C00322,5,Produto dentro do esperado,2025-11-07
R000946,O000946,C00321,3,Ótima compra,2025-09-10
R000947,O000947,C00309,5,Produto dentro do esperado,2025-11-10
R000948,O000948,C00395,5,Produto dentro do esperado,2025-06-06
R000949,O000949,C00300,1,Muito bom,2025-09-26
R000950,O000950,C00430,1,Produto excelente,2025-12-08
R000951,O000951,C00202,1,Produto excelente,2025-01-30
R000952,O000952,C00150,5,Produto dentro do esperado,2025-08-02
R000953,O000953,C00286,5,,2025-10-17
R000954,O000954,C00208,1,Produto excelente,2025-06-23
R000955,O000955,C00082,3,Produto excelente,2025-03-31
R000956,O000956,C00287,5,Produto dentro do esperado,2025-10-09
R000957,O000957,C00135,5,Poderia ser melhor,2025-03-18
R000958,O000958,C00423,3,Chegou rápido,2025-01-31
R000959,O000959,C00226,5,Produto excelente,2025-12-08
R000960,O000960,C00283,5,Produto dentro do esperado,2025-10-19
R000961,O000961,C00411,3,Produto dentro do esperado,2025-05-26
R000962,O000962,C00470,4,Ótima compra,2025-09-24
R000963,O000963,C00317,1,Produto dentro do esperado,2025-08-26
R000964,O000964,C00130,4,Ótima compra,2025-01-18
R000965,O000965,C00393,5,Produto excelente,2025-10-13
R000966,O000966,C00100,5,Muito bom,2025-05-11
R000967,O000967,C00359,2,Ótima compra,2025-12-26
R000968,O000968,C00180,1,Não gostei,2025-12-12
R000969,O000969,C00007,5,Poderia ser melhor,2025-01-16
R000970,O000970,C00050,4,Poderia ser melhor,2025-12-29
R000971,O000971,C00479,4,Produto excelente,2025-06-23
R000972,O000972,C00255,3,Produto dentro do esperado,2025-04-11
R000973,O000973,C00123,5,Muito bom,2025-09-10
R000974,O000974,C00280,3,Produto dentro do esperado,2025-12-07
R000975,O000975,C00288,5,Produto dentro do esperado,2025-09-06
R000976,O000976,C00383,5,Ótima compra,2025-10-28
R000977,O000977,C00261,2,,2025-10-06
R000978,O000978,C00293,5,Poderia ser melhor,2025-11-27
R000979,O000979,C00003,1,Muito bom,2025-05-16
R000980,O000980,C00349,3,Chegou rápido,2025-10-31
R000981,O000981,C00399,4,Produto dentro do esperado,2025-09-15
R000982,O000982,C00340,4,Não gostei,2025-12-31
R000983,O000983,C00484,1,Muito bom,2025-05-19
R000984,O000984,C00246,5,,2025-03-04
R000985,O000985,C00224,4,Muito bom,2025-11-21
R000986,O000986,C00292,4,,2025-01-15
R000987,O000987,C00033,5,Chegou rápido,2025-05-07
R000988,O000988,C00083,5,Produto dentro do esperado,2025-03-22
R000989,O000989,C00351,2,Ótima compra,2025-05-09
R000990,O000990,C00115,5,Não gostei,2025-11-19
R000991,O000991,C00352,1,Ótima compra,2025-11-27
R000992,O000992,C00275,5,Chegou rápido,2025-07-12
R000993,O000993,C00236,4,Chegou rápido,2025-08-09
R000994,O000994,C00376,2,Chegou rápido,2025-08-27
R000995,O000995,C00281,4,Ótima compra,2025-08-06
R000996,O000996,C00197,5,Produto excelente,2025-10-02
R000997,O000997,C00126,5,Produto dentro do esperado,2025-03-16
R000998,O000998,C00477,5,Ótima compra,2025-07-04
R000999,O000999,C00174,4,Não gostei,2025-12-30
R001000,O001000,C00144,2,Produto excelente,2025-12-28
R001001,O001001,C00243,3,Produto dentro do esperado,2025-07-27
R001002,O001002,C00458,3,Muito bom,2025-01-14
R001003,O001003,C00492,3,Não gostei,2025-12-19
R001004,O001004,C00436,4,,2025-05-18
R001005,O001005,C00173,2,Ótima compra,2025-01-27
R001006,O001006,C00345,5,,2025-05-26
R001007,O001007,C00145,3,Produto excelente,2025-05-26
R001008,O001008,C00411,5,Produto dentro do esperado,2025-05-17
R001009,O001009,C00466,5,Não gostei,2025-11-25
R001010,O001010,C00406,5,Produto excelente,2025-12-24
R001011,O001011,C00419,1,Muito bom,2025-04-27
R001012,O001012,C00064,5,Poderia ser melhor,2025-12-28
R001013,O001013,C00212,5,,2025-09-19
R001014,O001014,C00387,5,Ótima compra,2025-03-30
R001015,O001015,C00346,4,Produto dentro do esperado,2025-08-27
R001016,O001016,C00135,1,Chegou rápido,2025-06-23
R001017,O001017,C00434,5,Não gostei,2025-08-09
R001018,O001018,C00304,4,Não gostei,2025-04-18
R001019,O001019,C00255,1,,2025-07-22
R001020,O001020,C00488,5,Muito bom,2025-06-29
R001021,O001021,C00317,3,Ótima compra,2025-08-09
R001022,O001022,C00010,1,Não gostei,2025-08-30
R001023,O001023,C00144,1,Produto excelente,2025-10-24
R001024,O001024,C00289,5,Chegou rápido,2025-09-03
R001025,O001025,C00231,3,Chegou rápido,2025-07-28
R001026,O001026,C00075,4,,2025-05-26
R001027,O001027,C00405,5,,2025-07-13
R001028,O001028,C00334,5,Produto dentro do esperado,2025-12-07
R001029,O001029,C00081,1,Chegou rápido,2025-11-11
R001030,O001030,C00027,2,Produto excelente,2025-06-19
R001031,O001031,C00145,1,Chegou rápido,2025-06-21
R001032,O001032,C00033,5,Produto excelente,2025-02-06
R001033,O001033,C00174,5,Ótima compra,2025-02-25
R001034,O001034,C00405,5,Produto excelente,2025-07-30
R001035,O001035,C00123,3,Chegou rápido,2025-02-08
R001036,O001036,C00113,5,Produto excelente,2025-05-07
R001037,O001037,C00013,5,Não gostei,2025-12-12
R001038,O001038,C00109,2,Chegou rápido,2025-03-23
R001039,O001039,C00334,5,Produto dentro do esperado,2025-06-03
R001040,O001040,C00354,5,Produto dentro do esperado,2025-12-26
R001041,O001041,C00093,1,Produto excelente,2025-06-27
R001042,O001042,C00437,2,Produto excelente,2025-01-17
R001043,O001043,C00291,5,,2025-04-03
R001044,O001044,C00073,2,Produto excelente,2025-05-18
R001045,O001045,C00372,5,Poderia ser melhor,2025-05-14
R001046,O001046,C00222,2,Ótima compra,2025-09-07
R001047,O001047,C00145,5,Ótima compra,2025-09-06
R001048,O001048,C00488,3,,2026-01-01
R001049,O001049,C00084,2,,2025-07-24
R001050,O001050,C00150,5,Poderia ser melhor,2025-03-18
R001051,O001051,C00176,5,Não gostei,2025-09-25
R001052,O001052,C00355,5,Muito bom,2025-08-04
R001053,O001053,C00060,5,Poderia ser melhor,2025-06-21
R001054,O001054,C00328,4,Não gostei,2025-12-11
R001055,O001055,C00487,4,,2025-06-11
R001056,O001056,C00487,1,Ótima compra,2025-03-11
R001057,O001057,C00315,4,Produto dentro do esperado,2025-11-06
R001058,O001058,C00252,5,Poderia ser melhor,2025-01-19
R001059,O001059,C00166,3,Produto dentro do esperado,2025-06-13
R001060,O001060,C00474,3,Muito bom,2025-10-07
R001061,O001061,C00462,4,Ótima compra,2025-09-04
R001062,O001062,C00247,5,Ótima compra,2025-09-12
R001063,O001063,C00359,5,Produto dentro do esperado,2025-03-12
R001064,O001064,C00363,5,Poderia ser melhor,2025-10-05
R001065,O001065,C00206,2,Poderia ser melhor,2025-09-26
R001066,O001066,C00135,5,Produto dentro do esperado,2025-09-13
R001067,O001067,C00191,3,Ótima compra,2025-02-11
R001068,O001068,C00451,2,Ótima compra,2025-03-26
R001069,O001069,C00199,4,Produto dentro do esperado,2025-10-18
R001070,O001070,C00390,4,Poderia ser melhor,2025-02-13
R001071,O001071,C00321,3,Produto dentro do esperado,2025-07-08
R001072,O001072,C00311,1,,2025-05-04
R001073,O001073,C00307,3,,2025-09-25
R001074,O001074,C00457,5,Poderia ser melhor,2025-03-20
R001075,O001075,C00429,2,Ótima compra,2025-10-15
R001076,O001076,C00173,5,Produto dentro do esperado,2025-02-27
R001077,O001077,C00465,5,Poderia ser melhor,2025-05-08
R001078,O001078,C00395,2,Ótima compra,2025-12-29
R001079,O001079,C00307,5,Não gostei,2025-12-05
R001080,O001080,C00175,5,Produto excelente,2025-03-22
R001081,O001081,C00035,1,Poderia ser melhor,2025-04-13
R001082,O001082,C00251,5,Produto excelente,2025-11-07
R001083,O001083,C00021,5,Produto excelente,2025-12-15
R001084,O001084,C00124,2,Poderia ser melhor,2025-05-06
R001085,O001085,C00278,4,Chegou rápido,2025-11-24
R001086,O001086,C00124,5,Produto excelente,2025-08-25
R001087,O001087,C00110,4,Produto dentro do esperado,2025-05-04
R001088,O001088,C00315,2,Produto dentro do esperado,2025-07-24
R001089,O001089,C00106,1,,2025-07-18
R001090,O001090,C00207,2,,2025-05-02
R001091,O001091,C00358,2,Não gostei,2025-02-08
R001092,O001092,C00224,5,Não gostei,2025-08-28
R001093,O001093,C00246,5,Produto excelente,2025-03-26
R001094,O001094,C00316,5,Produto excelente,2025-12-25
R001095,O001095,C00267,4,Chegou rápido,2025-02-10
R001096,O001096,C00281,5,Não gostei,2025-08-31
R001097,O001097,C00419,3,Produto excelente,2025-04-13
R001098,O001098,C00070,2,Produto excelente,2025-04-01
R001099,O001099,C00233,3,Produto excelente,2025-04-11
R001100,O001100,C00271,2,Muito bom,2025-09-13
R001101,O001101,C00480,2,Não gostei,2025-08-01
R001102,O001102,C00223,1,Chegou rápido,2025-12-08
R001103,O001103,C00239,4,Poderia ser melhor,2025-07-23
R001104,O001104,C00307,5,Produto dentro do esperado,2025-06-14
R001105,O001105,C00261,2,,2025-05-02
R001106,O001106,C00389,5,Não gostei,2025-09-11
R001107,O001107,C00478,1,Muito bom,2025-07-15
R001108,O001108,C00215,2,Produto dentro do esperado,2025-10-30
R001109,O001109,C00373,3,Produto excelente,2025-09-10
R001110,O001110,C00373,5,Chegou rápido,2025-07-17
R001111,O001111,C00305,3,Chegou rápido,2025-05-21
R001112,O001112,C00499,4,Poderia ser melhor,2025-07-30
R001113,O001113,C00358,5,Ótima compra,2025-10-19
R001114,O001114,C00213,5,Ótima compra,2025-09-15
R001115,O001115,C00125,2,Não gostei,2025-11-11
R001116,O001116,C00460,5,Produto excelente,2025-02-26
R001117,O001117,C00352,3,,2025-12-29
R001118,O001118,C00043,5,Produto dentro do esperado,2025-01-30
R001119,O001119,C00314,5,Não gostei,2025-06-01
R001120,O001120,C00232,3,Não gostei,2025-07-05
R001121,O001121,C00080,3,Ótima compra,2025-01-20
R001122,O001122,C00395,5,Muito bom,2025-06-30
R001123,O001123,C00108,2,Não gostei,2025-09-02
R001124,O001124,C00364,1,,2025-06-26
R001125,O001125,C00250,3,Não gostei,2025-07-05
R001126,O001126,C00005,3,Não gostei,2025-12-03
R001127,O001127,C00201,5,Produto dentro do esperado,2025-10-10
R001128,O001128,C00387,4,Produto excelente,2025-09-06
R001129,O001129,C00303,5,Ótima compra,2025-04-28
R001130,O001130,C00488,4,Chegou rápido,2025-08-28
R001131,O001131,C00417,5,Muito bom,2025-10-14
R001132,O001132,C00308,4,Produto dentro do esperado,2025-12-10
R001133,O001133,C00280,4,Poderia ser melhor,2025-12-09
R001134,O001134,C00374,1,Chegou rápido,2025-04-08
R001135,O001135,C00395,1,Não gostei,2025-06-02
R001136,O001136,C00063,4,Não gostei,2025-09-11
R001137,O001137,C00084,5,Chegou rápido,2025-03-29
R001138,O001138,C00414,4,Poderia ser melhor,2025-10-05
R001139,O001139,C00165,1,Chegou rápido,2025-12-08
R001140,O001140,C00341,4,Produto excelente,2025-07-19
R001141,O001141,C00320,3,Muito bom,2025-01-26
R001142,O001142,C00133,5,,2025-07-21
R001143,O001143,C00168,2,Produto excelente,2025-04-15
R001144,O001144,C00455,5,Produto excelente,2025-03-12
R001145,O001145,C00365,5,Produto dentro do esperado,2025-10-11
R001146,O001146,C00380,5,Ótima compra,2025-01-31
R001147,O001147,C00241,1,Produto dentro do esperado,2025-07-19
R001148,O001148,C00172,5,Não gostei,2025-03-30
R001149,O001149,C00378,4,,2025-12-17
R001150,O001150,C00070,3,Não gostei,2025-07-28
R001151,O001151,C00130,5,Não gostei,2026-01-01
R001152,O001152,C00024,5,Chegou rápido,2025-02-21
R001153,O001153,C00357,5,Chegou rápido,2025-01-23
R001154,O001154,C00340,5,Ótima compra,2025-04-22
R001155,O001155,C00224,2,Muito bom,2025-01-29
R001156,O001156,C00403,5,Produto dentro do esperado,2025-10-04
R001157,O001157,C00249,5,Produto dentro do esperado,2025-07-30
R001158,O001158,C00207,5,Produto excelente,2025-01-16
R001159,O001159,C00491,5,Não gostei,2025-12-23
R001160,O001160,C00175,1,Poderia ser melhor,2025-01-12
R001161,O001161,C00432,2,Produto excelente,2025-11-08
R001162,O001162,C00221,3,Produto dentro do esperado,2025-10-22
R001163,O001163,C00240,3,Não gostei,2025-08-01
R001164,O001164,C00378,5,Chegou rápido,2025-04-29
R001165,O001165,C00144,2,Produto dentro do esperado,2025-11-28
R001166,O001166,C00086,2,Poderia ser melhor,2025-12-06
R001167,O001167,C00211,4,Não gostei,2025-07-02
R001168,O001168,C00379,3,,2025-02-26
R001169,O001169,C00378,4,Chegou rápido,2025-02-03
R001170,O001170,C00061,5,Muito bom,2025-04-17
R001171,O001171,C00044,5,Não gostei,2025-03-27
R001172,O001172,C00081,5,Produto excelente,2025-11-13
R001173,O001173,C00110,3,Poderia ser melhor,2025-01-15
R001174,O001174,C00246,1,Produto dentro do esperado,2025-08-02
R001175,O001175,C00276,3,Produto dentro do esperado,2025-10-17
R001176,O001176,C00219,5,Não gostei,2025-09-13
R001177,O001177,C00217,5,Muito bom,2025-12-06
R001178,O001178,C00166,1,Chegou rápido,2025-04-06
R001179,O001179,C00402,5,,2025-10-11
R001180,O001180,C00077,1,Muito bom,2025-07-06
R001181,O001181,C00082,1,Ótima compra,2025-02-16
R001182,O001182,C00090,5,Muito bom,2025-06-08
R001183,O001183,C00014,4,Chegou rápido,2025-01-30
R001184,O001184,C00186,5,Não gostei,2025-10-05
R001185,O001185,C00339,1,,2025-01-30
R001186,O001186,C00107,5,Chegou rápido,2025-05-13
R001187,O001187,C00428,1,Ótima compra,2025-10-01
R001188,O001188,C00486,5,Muito bom,2025-09-12
R001189,O001189,C00345,1,,2025-02-07
R001190,O001190,C00370,5,Chegou rápido,2025-10-01
R001191,O001191,C00200,1,Produto dentro do esperado,2025-06-06
R001192,O001192,C00467,5,Muito bom,2025-01-25
R001193,O001193,C00358,3,,2025-09-18
R001194,O001194,C00150,5,,2025-05-10
R001195,O001195,C00063,5,,2025-07-24
R001196,O001196,C00025,5,Produto excelente,2025-11-13
R001197,O001197,C00021,2,,2025-08-05
R001198,O001198,C00493,1,,2025-06-28
R001199,O001199,C00467,3,Não gostei,2025-04-19
R001200,O001200,C00213,5,Muito bom,2025-03-05
R001201,O001201,C00374,5,Produto dentro do esperado,2025-05-27
R001202,O001202,C00189,3,Poderia ser melhor,2025-11-15
R001203,O001203,C00277,1,Produto excelente,2025-06-12
R001204,O001204,C00141,2,Produto excelente,2025-06-24
R001205,O001205,C00267,5,Ótima compra,2025-10-14
R001206,O001206,C00253,5,Produto dentro do esperado,2025-07-31
R001207,O001207,C00400,4,Produto excelente,2025-01-25
R001208,O001208,C00447,2,Poderia ser melhor,2025-01-25
R001209,O001209,C00321,3,Produto excelente,2025-09-09
R001210,O001210,C00003,5,Não gostei,2025-10-07
R001211,O001211,C00024,4,,2025-05-02
R001212,O001212,C00149,4,Produto excelente,2025-05-31
R001213,O001213,C00388,5,Produto excelente,2025-11-08
R001214,O001214,C00456,1,Produto dentro do esperado,2025-09-30
R001215,O001215,C00456,4,,2025-04-19
R001216,O001216,C00319,3,Poderia ser melhor,2026-01-05
R001217,O001217,C00344,1,Chegou rápido,2025-12-10
R001218,O001218,C00455,5,Ótima compra,2025-12-15
R001219,O001219,C00303,5,Muito bom,2025-07-04
R001220,O001220,C00111,1,Produto dentro do esperado,2025-01-22
R001221,O001221,C00077,5,Chegou rápido,2025-05-12
R001222,O001222,C00201,2,Muito bom,2025-07-20
R001223,O001223,C00343,5,Não gostei,2025-04-11
R001224,O001224,C00378,2,Produto dentro do esperado,2025-06-19
R001225,O001225,C00226,4,Produto excelente,2025-08-17
R001226,O001226,C00447,5,Poderia ser melhor,2025-09-12
R001227,O001227,C00104,2,Produto excelente,2025-08-23
R001228,O001228,C00240,2,Chegou rápido,2025-10-12
R001229,O001229,C00240,5,Produto dentro do esperado,2025-09-14
R001230,O001230,C00297,1,Produto dentro do esperado,2025-06-26
R001231,O001231,C00464,5,Muito bom,2025-09-10
R001232,O001232,C00266,5,Ótima compra,2025-08-12
R001233,O001233,C00435,1,Ótima compra,2025-09-25
R001234,O001234,C00349,4,Produto excelente,2025-03-06
R001235,O001235,C00400,5,Muito bom,2025-03-28
R001236,O001236,C00338,5,,2025-04-02
R001237,O001237,C00352,5,Ótima compra,2025-05-26
R001238,O001238,C00387,1,,2025-11-13
R001239,O001239,C00355,5,Poderia ser melhor,2025-05-09
R001240,O001240,C00044,4,Ótima compra,2025-06-03
R001241,O001241,C00479,2,Produto excelente,2025-11-13
R001242,O001242,C00255,1,Não gostei,2025-03-23
R001243,O001243,C00269,1,Poderia ser melhor,2025-01-13
R001244,O001244,C00200,5,Muito bom,2025-07-28
R001245,O001245,C00129,1,,2025-04-19
R001246,O001246,C00201,1,,2025-04-26
R001247,O001247,C00351,4,Produto dentro do esperado,2025-12-20
R001248,O001248,C00485,5,Não gostei,2025-11-12
R001249,O001249,C00364,5,Produto excelente,2025-08-02
R001250,O001250,C00287,5,Não gostei,2025-06-18
R001251,O001251,C00058,2,Produto dentro do esperado,2025-09-12
R001252,O001252,C00430,1,Não gostei,2025-07-08
R001253,O001253,C00215,5,Muito bom,2025-09-16
R001254,O001254,C00009,5,Muito bom,2025-11-24
R001255,O001255,C00234,3,Poderia ser melhor,2025-07-22
R001256,O001256,C00376,3,Não gostei,2025-03-16
R001257,O001257,C00084,5,,2025-03-15
R001258,O001258,C00173,5,Ótima compra,2025-12-15
R001259,O001259,C00416,3,Ótima compra,2026-01-04
R001260,O001260,C00491,1,Chegou rápido,2025-05-10
R001261,O001261,C00175,4,,2025-09-06
R001262,O001262,C00267,2,,2025-10-04
R001263,O001263,C00383,5,Muito bom,2025-01-16
R001264,O001264,C00069,5,Ótima compra,2025-04-21
R001265,O001265,C00379,2,Ótima compra,2025-01-09
R001266,O001266,C00242,5,Não gostei,2025-08-02
R001267,O001267,C00238,1,Chegou rápido,2025-06-26
R001268,O001268,C00461,4,Ótima compra,2025-12-18
R001269,O001269,C00331,5,,2025-09-07
R001270,O001270,C00211,2,Produto excelente,2025-04-04
R001271,O001271,C00296,3,,2025-10-08
R001272,O001272,C00171,4,Muito bom,2025-05-18
R001273,O001273,C00270,5,,2025-09-24
R001274,O001274,C00077,3,Produto excelente,2025-01-18
R001275,O001275,C00097,5,Chegou rápido,2025-04-03
R001276,O001276,C00258,5,Poderia ser melhor,2025-09-28
R001277,O001277,C00009,4,Muito bom,2025-05-28
R001278,O001278,C00178,3,Ótima compra,2025-04-09
R001279,O001279,C00475,4,Chegou rápido,2025-11-05
R001280,O001280,C00314,4,Produto dentro do esperado,2025-04-23
R001281,O001281,C00444,2,Produto excelente,2025-12-23
R001282,O001282,C00070,5,Muito bom,2025-06-27
R001283,O001283,C00449,5,,2025-12-14
R001284,O001284,C00012,5,Muito bom,2025-10-24
R001285,O001285,C00066,3,Chegou rápido,2025-01-20
R001286,O001286,C00477,5,Muito bom,2025-04-26
R001287,O001287,C00479,2,Poderia ser melhor,2025-07-12
R001288,O001288,C00217,2,Muito bom,2025-03-15
R001289,O001289,C00370,4,Ótima compra,2025-02-17
R001290,O001290,C00333,4,Poderia ser melhor,2025-03-04
R001291,O001291,C00009,1,Poderia ser melhor,2025-11-19
R001292,O001292,C00146,3,Ótima compra,2025-08-15
R001293,O001293,C00023,5,Ótima compra,2025-10-22
R001294,O001294,C00413,5,,2025-08-15
R001295,O001295,C00083,1,Produto dentro do esperado,2025-08-12
R001296,O001296,C00076,5,Produto dentro do esperado,2025-11-01
R001297,O001297,C00261,1,Poderia ser melhor,2025-01-31
R001298,O001298,C00497,2,,2025-02-05
R001299,O001299,C00223,5,Produto dentro do esperado,2025-04-11
R001300,O001300,C00207,5,Produto dentro do esperado,2025-04-03
